REGION,CIRCUNSCRIPCION ELECTORAL,LOCAL,MESA,EDUARDO ARTES,FRANCO ALDO PARISI,GABRIEL BORIC,JOSE ANTONIO KAST,MARCO ENRIQUEZ-OMINAMI,SEBASTIAN SICHEL,VOTOS EN BLANCO,VOTOS NULOS,YASNA PROVOSTE,NULO BLANCO,18-19,20-29,30-39,40-49,50-59,60-69,70-79,80+,NUM VOTOS,NUM MESAS,P-VALOR,LOG P-VALOR,E_EDUARDO ARTES,E_FRANCO ALDO PARISI,E_GABRIEL BORIC,E_JOSE ANTONIO KAST,E_MARCO ENRIQUEZ-OMINAMI,E_NULO BLANCO,E_SEBASTIAN SICHEL,E_YASNA PROVOSTE,60+,P_EDUARDO ARTES_18-19,P_FRANCO ALDO PARISI_18-19,P_GABRIEL BORIC_18-19,P_JOSE ANTONIO KAST_18-19,P_MARCO ENRIQUEZ-OMINAMI_18-19,P_NULO BLANCO_18-19,P_SEBASTIAN SICHEL_18-19,P_YASNA PROVOSTE_18-19,P_EDUARDO ARTES_20-29,P_FRANCO ALDO PARISI_20-29,P_GABRIEL BORIC_20-29,P_JOSE ANTONIO KAST_20-29,P_MARCO ENRIQUEZ-OMINAMI_20-29,P_NULO BLANCO_20-29,P_SEBASTIAN SICHEL_20-29,P_YASNA PROVOSTE_20-29,P_EDUARDO ARTES_30-39,P_FRANCO ALDO PARISI_30-39,P_GABRIEL BORIC_30-39,P_JOSE ANTONIO KAST_30-39,P_MARCO ENRIQUEZ-OMINAMI_30-39,P_NULO BLANCO_30-39,P_SEBASTIAN SICHEL_30-39,P_YASNA PROVOSTE_30-39,P_EDUARDO ARTES_40-49,P_FRANCO ALDO PARISI_40-49,P_GABRIEL BORIC_40-49,P_JOSE ANTONIO KAST_40-49,P_MARCO ENRIQUEZ-OMINAMI_40-49,P_NULO BLANCO_40-49,P_SEBASTIAN SICHEL_40-49,P_YASNA PROVOSTE_40-49,P_EDUARDO ARTES_50-59,P_FRANCO ALDO PARISI_50-59,P_GABRIEL BORIC_50-59,P_JOSE ANTONIO KAST_50-59,P_MARCO ENRIQUEZ-OMINAMI_50-59,P_NULO BLANCO_50-59,P_SEBASTIAN SICHEL_50-59,P_YASNA PROVOSTE_50-59,P_EDUARDO ARTES_60+,P_FRANCO ALDO PARISI_60+,P_GABRIEL BORIC_60+,P_JOSE ANTONIO KAST_60+,P_MARCO ENRIQUEZ-OMINAMI_60+,P_NULO BLANCO_60+,P_SEBASTIAN SICHEL_60+,P_YASNA PROVOSTE_60+,DIF_EDUARDO ARTES,DIF_FRANCO ALDO PARISI,DIF_GABRIEL BORIC,DIF_JOSE ANTONIO KAST,DIF_MARCO ENRIQUEZ-OMINAMI,DIF_NULO BLANCO,DIF_SEBASTIAN SICHEL,DIF_YASNA PROVOSTE
METROPOLITANA DE SANTIAGO,BAJOS DE MENA,COLEGIO PARTICULAR POLITECNICO EYZAGUIRRE BASICA,68,4,28,18,18,12,5,0,0,2,0,2,17,57,5,3,1,1,1,87,78,-1,-1,2,20,25,12,15,1,7,5,3,0.04656159901315885,0.13076244393524974,0.4413996286317461,0.11354657636601127,0.11021625285010007,0.002681661680156263,0.08107364471964638,0.07375819280393135,0.03867064933202624,0.21280711288042978,0.4036092647684513,0.09871068436354312,0.1149302257840372,0.023994244652241585,0.0573827961852346,0.04989502203403628,0.02244309436467549,0.25398649735413364,0.2605468261083626,0.15325015555726249,0.18251339379981044,0.004363020061428907,0.07865410730694755,0.04424290544737897,0.018786272244729934,0.15825416358994893,0.20512583756481365,0.185371456087384,0.1947410093183763,0.017478894429573188,0.1160350660275186,0.1042073007376555,0.016257422478188833,0.12075166062098332,0.2597039462200833,0.1266399412053145,0.19945930792823088,0.029173389514677166,0.08667357543126847,0.16134075660125344,0.017477052059423005,0.060984140257197825,0.1981337717321193,0.16149100483599116,0.2415708643344283,0.014223404448706022,0.11618064839295313,0.18993911393918156,2.0,8.0,-7.0,6.0,-3.0,-1.0,-2.0,-3.0
METROPOLITANA DE SANTIAGO,BAJOS DE MENA,COLEGIO PARTICULAR POLITECNICO EYZAGUIRRE BASICA,69,1,21,22,12,20,5,0,2,7,2,2,16,47,8,15,0,1,1,90,78,-1,-1,2,19,25,13,16,1,7,7,2,0.04656159901315885,0.13076244393524974,0.4413996286317461,0.11354657636601127,0.11021625285010007,0.002681661680156263,0.08107364471964638,0.07375819280393135,0.03867064933202624,0.21280711288042978,0.4036092647684513,0.09871068436354312,0.1149302257840372,0.023994244652241585,0.0573827961852346,0.04989502203403628,0.02244309436467549,0.25398649735413364,0.2605468261083626,0.15325015555726249,0.18251339379981044,0.004363020061428907,0.07865410730694755,0.04424290544737897,0.018786272244729934,0.15825416358994893,0.20512583756481365,0.185371456087384,0.1947410093183763,0.017478894429573188,0.1160350660275186,0.1042073007376555,0.016257422478188833,0.12075166062098332,0.2597039462200833,0.1266399412053145,0.19945930792823088,0.029173389514677166,0.08667357543126847,0.16134075660125344,0.017477052059423005,0.060984140257197825,0.1981337717321193,0.16149100483599116,0.2415708643344283,0.014223404448706022,0.11618064839295313,0.18993911393918156,-1.0,2.0,-3.0,-1.0,4.0,1.0,-2.0,0.0
METROPOLITANA DE SANTIAGO,BAJOS DE MENA,COLEGIO PARTICULAR POLITECNICO EYZAGUIRRE BASICA,70,0,17,20,14,13,5,0,0,8,0,1,20,28,26,0,2,0,0,77,78,-1,-1,2,16,22,11,13,1,7,5,2,0.04656159901315885,0.13076244393524974,0.4413996286317461,0.11354657636601127,0.11021625285010007,0.002681661680156263,0.08107364471964638,0.07375819280393135,0.03867064933202624,0.21280711288042978,0.4036092647684513,0.09871068436354312,0.1149302257840372,0.023994244652241585,0.0573827961852346,0.04989502203403628,0.02244309436467549,0.25398649735413364,0.2605468261083626,0.15325015555726249,0.18251339379981044,0.004363020061428907,0.07865410730694755,0.04424290544737897,0.018786272244729934,0.15825416358994893,0.20512583756481365,0.185371456087384,0.1947410093183763,0.017478894429573188,0.1160350660275186,0.1042073007376555,0.016257422478188833,0.12075166062098332,0.2597039462200833,0.1266399412053145,0.19945930792823088,0.029173389514677166,0.08667357543126847,0.16134075660125344,0.017477052059423005,0.060984140257197825,0.1981337717321193,0.16149100483599116,0.2415708643344283,0.014223404448706022,0.11618064839295313,0.18993911393918156,-2.0,1.0,-2.0,3.0,0.0,-1.0,-2.0,3.0
METROPOLITANA DE SANTIAGO,BAJOS DE MENA,COLEGIO PARTICULAR POLITECNICO EYZAGUIRRE BASICA,71,2,13,34,14,13,6,0,2,5,2,21,12,8,33,11,2,2,0,89,78,-1,-1,3,14,27,13,15,1,8,8,4,0.04656159901315885,0.13076244393524974,0.4413996286317461,0.11354657636601127,0.11021625285010007,0.002681661680156263,0.08107364471964638,0.07375819280393135,0.03867064933202624,0.21280711288042978,0.4036092647684513,0.09871068436354312,0.1149302257840372,0.023994244652241585,0.0573827961852346,0.04989502203403628,0.02244309436467549,0.25398649735413364,0.2605468261083626,0.15325015555726249,0.18251339379981044,0.004363020061428907,0.07865410730694755,0.04424290544737897,0.018786272244729934,0.15825416358994893,0.20512583756481365,0.185371456087384,0.1947410093183763,0.017478894429573188,0.1160350660275186,0.1042073007376555,0.016257422478188833,0.12075166062098332,0.2597039462200833,0.1266399412053145,0.19945930792823088,0.029173389514677166,0.08667357543126847,0.16134075660125344,0.017477052059423005,0.060984140257197825,0.1981337717321193,0.16149100483599116,0.2415708643344283,0.014223404448706022,0.11618064839295313,0.18993911393918156,-1.0,-1.0,7.0,1.0,-2.0,1.0,-2.0,-3.0
METROPOLITANA DE SANTIAGO,BAJOS DE MENA,COLEGIO PARTICULAR POLITECNICO EYZAGUIRRE BASICA,72,4,26,41,12,13,11,0,1,11,1,75,10,9,5,14,5,0,1,119,78,-1,-1,5,17,45,15,16,1,10,10,6,0.04656159901315885,0.13076244393524974,0.4413996286317461,0.11354657636601127,0.11021625285010007,0.002681661680156263,0.08107364471964638,0.07375819280393135,0.03867064933202624,0.21280711288042978,0.4036092647684513,0.09871068436354312,0.1149302257840372,0.023994244652241585,0.0573827961852346,0.04989502203403628,0.02244309436467549,0.25398649735413364,0.2605468261083626,0.15325015555726249,0.18251339379981044,0.004363020061428907,0.07865410730694755,0.04424290544737897,0.018786272244729934,0.15825416358994893,0.20512583756481365,0.185371456087384,0.1947410093183763,0.017478894429573188,0.1160350660275186,0.1042073007376555,0.016257422478188833,0.12075166062098332,0.2597039462200833,0.1266399412053145,0.19945930792823088,0.029173389514677166,0.08667357543126847,0.16134075660125344,0.017477052059423005,0.060984140257197825,0.1981337717321193,0.16149100483599116,0.2415708643344283,0.014223404448706022,0.11618064839295313,0.18993911393918156,-1.0,9.0,-4.0,-3.0,-3.0,0.0,1.0,1.0
METROPOLITANA DE SANTIAGO,BAJOS DE MENA,COLEGIO PARTICULAR POLITECNICO EYZAGUIRRE BASICA,73,5,16,36,16,15,11,0,0,9,0,93,0,9,2,2,2,0,0,108,78,-1,-1,5,15,45,13,13,0,9,8,2,0.04656159901315885,0.13076244393524974,0.4413996286317461,0.11354657636601127,0.11021625285010007,0.002681661680156263,0.08107364471964638,0.07375819280393135,0.03867064933202624,0.21280711288042978,0.4036092647684513,0.09871068436354312,0.1149302257840372,0.023994244652241585,0.0573827961852346,0.04989502203403628,0.02244309436467549,0.25398649735413364,0.2605468261083626,0.15325015555726249,0.18251339379981044,0.004363020061428907,0.07865410730694755,0.04424290544737897,0.018786272244729934,0.15825416358994893,0.20512583756481365,0.185371456087384,0.1947410093183763,0.017478894429573188,0.1160350660275186,0.1042073007376555,0.016257422478188833,0.12075166062098332,0.2597039462200833,0.1266399412053145,0.19945930792823088,0.029173389514677166,0.08667357543126847,0.16134075660125344,0.017477052059423005,0.060984140257197825,0.1981337717321193,0.16149100483599116,0.2415708643344283,0.014223404448706022,0.11618064839295313,0.18993911393918156,0.0,1.0,-9.0,3.0,2.0,0.0,2.0,1.0
METROPOLITANA DE SANTIAGO,BAJOS DE MENA,COLEGIO PARTICULAR POLITECNICO EYZAGUIRRE BASICA,74,3,27,66,28,28,20,4,2,21,6,11,0,42,44,50,40,10,1,199,78,-1,-1,4,28,48,31,40,3,20,25,51,0.04656159901315885,0.13076244393524974,0.4413996286317461,0.11354657636601127,0.11021625285010007,0.002681661680156263,0.08107364471964638,0.07375819280393135,0.03867064933202624,0.21280711288042978,0.4036092647684513,0.09871068436354312,0.1149302257840372,0.023994244652241585,0.0573827961852346,0.04989502203403628,0.02244309436467549,0.25398649735413364,0.2605468261083626,0.15325015555726249,0.18251339379981044,0.004363020061428907,0.07865410730694755,0.04424290544737897,0.018786272244729934,0.15825416358994893,0.20512583756481365,0.185371456087384,0.1947410093183763,0.017478894429573188,0.1160350660275186,0.1042073007376555,0.016257422478188833,0.12075166062098332,0.2597039462200833,0.1266399412053145,0.19945930792823088,0.029173389514677166,0.08667357543126847,0.16134075660125344,0.017477052059423005,0.060984140257197825,0.1981337717321193,0.16149100483599116,0.2415708643344283,0.014223404448706022,0.11618064839295313,0.18993911393918156,-1.0,-1.0,18.0,-3.0,-12.0,3.0,0.0,-4.0
METROPOLITANA DE SANTIAGO,BAJOS DE MENA,COLEGIO PARTICULAR POLITECNICO EYZAGUIRRE BASICA,75,6,29,66,14,34,15,1,0,23,1,16,64,38,9,39,18,5,0,188,78,-1,-1,5,33,59,24,31,3,15,18,23,0.04656159901315885,0.13076244393524974,0.4413996286317461,0.11354657636601127,0.11021625285010007,0.002681661680156263,0.08107364471964638,0.07375819280393135,0.03867064933202624,0.21280711288042978,0.4036092647684513,0.09871068436354312,0.1149302257840372,0.023994244652241585,0.0573827961852346,0.04989502203403628,0.02244309436467549,0.25398649735413364,0.2605468261083626,0.15325015555726249,0.18251339379981044,0.004363020061428907,0.07865410730694755,0.04424290544737897,0.018786272244729934,0.15825416358994893,0.20512583756481365,0.185371456087384,0.1947410093183763,0.017478894429573188,0.1160350660275186,0.1042073007376555,0.016257422478188833,0.12075166062098332,0.2597039462200833,0.1266399412053145,0.19945930792823088,0.029173389514677166,0.08667357543126847,0.16134075660125344,0.017477052059423005,0.060984140257197825,0.1981337717321193,0.16149100483599116,0.2415708643344283,0.014223404448706022,0.11618064839295313,0.18993911393918156,1.0,-4.0,7.0,-10.0,3.0,-2.0,0.0,5.0
METROPOLITANA DE SANTIAGO,BAJOS DE MENA,COLEGIO PARTICULAR POLITECNICO EYZAGUIRRE BASICA,77,6,45,68,32,30,22,3,1,23,4,4,41,46,41,56,35,7,0,230,78,-1,-1,5,37,61,33,43,4,21,26,42,0.04656159901315885,0.13076244393524974,0.4413996286317461,0.11354657636601127,0.11021625285010007,0.002681661680156263,0.08107364471964638,0.07375819280393135,0.03867064933202624,0.21280711288042978,0.4036092647684513,0.09871068436354312,0.1149302257840372,0.023994244652241585,0.0573827961852346,0.04989502203403628,0.02244309436467549,0.25398649735413364,0.2605468261083626,0.15325015555726249,0.18251339379981044,0.004363020061428907,0.07865410730694755,0.04424290544737897,0.018786272244729934,0.15825416358994893,0.20512583756481365,0.185371456087384,0.1947410093183763,0.017478894429573188,0.1160350660275186,0.1042073007376555,0.016257422478188833,0.12075166062098332,0.2597039462200833,0.1266399412053145,0.19945930792823088,0.029173389514677166,0.08667357543126847,0.16134075660125344,0.017477052059423005,0.060984140257197825,0.1981337717321193,0.16149100483599116,0.2415708643344283,0.014223404448706022,0.11618064839295313,0.18993911393918156,1.0,8.0,7.0,-1.0,-13.0,0.0,1.0,-3.0
METROPOLITANA DE SANTIAGO,BAJOS DE MENA,COLEGIO PARTICULAR POLITECNICO EYZAGUIRRE BASICA,78,4,34,66,26,44,19,1,0,26,1,3,33,40,50,52,35,6,0,220,78,-1,-1,5,34,57,32,42,4,21,25,41,0.04656159901315885,0.13076244393524974,0.4413996286317461,0.11354657636601127,0.11021625285010007,0.002681661680156263,0.08107364471964638,0.07375819280393135,0.03867064933202624,0.21280711288042978,0.4036092647684513,0.09871068436354312,0.1149302257840372,0.023994244652241585,0.0573827961852346,0.04989502203403628,0.02244309436467549,0.25398649735413364,0.2605468261083626,0.15325015555726249,0.18251339379981044,0.004363020061428907,0.07865410730694755,0.04424290544737897,0.018786272244729934,0.15825416358994893,0.20512583756481365,0.185371456087384,0.1947410093183763,0.017478894429573188,0.1160350660275186,0.1042073007376555,0.016257422478188833,0.12075166062098332,0.2597039462200833,0.1266399412053145,0.19945930792823088,0.029173389514677166,0.08667357543126847,0.16134075660125344,0.017477052059423005,0.060984140257197825,0.1981337717321193,0.16149100483599116,0.2415708643344283,0.014223404448706022,0.11618064839295313,0.18993911393918156,-1.0,0.0,9.0,-6.0,2.0,-3.0,-2.0,1.0
METROPOLITANA DE SANTIAGO,BAJOS DE MENA,COLEGIO PARTICULAR POLITECNICO EYZAGUIRRE BASICA,79,2,32,57,21,46,18,0,2,25,2,0,32,40,41,53,28,6,2,203,78,-1,-1,4,32,53,30,38,4,19,23,36,0.04656159901315885,0.13076244393524974,0.4413996286317461,0.11354657636601127,0.11021625285010007,0.002681661680156263,0.08107364471964638,0.07375819280393135,0.03867064933202624,0.21280711288042978,0.4036092647684513,0.09871068436354312,0.1149302257840372,0.023994244652241585,0.0573827961852346,0.04989502203403628,0.02244309436467549,0.25398649735413364,0.2605468261083626,0.15325015555726249,0.18251339379981044,0.004363020061428907,0.07865410730694755,0.04424290544737897,0.018786272244729934,0.15825416358994893,0.20512583756481365,0.185371456087384,0.1947410093183763,0.017478894429573188,0.1160350660275186,0.1042073007376555,0.016257422478188833,0.12075166062098332,0.2597039462200833,0.1266399412053145,0.19945930792823088,0.029173389514677166,0.08667357543126847,0.16134075660125344,0.017477052059423005,0.060984140257197825,0.1981337717321193,0.16149100483599116,0.2415708643344283,0.014223404448706022,0.11618064839295313,0.18993911393918156,-2.0,0.0,4.0,-9.0,8.0,-2.0,-1.0,2.0
METROPOLITANA DE SANTIAGO,BAJOS DE MENA,COLEGIO PARTICULAR POLITECNICO EYZAGUIRRE MEDIA,55,7,18,57,17,17,3,2,9,10,11,1,119,4,3,9,3,1,0,140,78,-1,-1,5,28,53,15,18,3,9,9,4,0.04656159901315885,0.13076244393524974,0.4413996286317461,0.11354657636601127,0.11021625285010007,0.002681661680156263,0.08107364471964638,0.07375819280393135,0.03867064933202624,0.21280711288042978,0.4036092647684513,0.09871068436354312,0.1149302257840372,0.023994244652241585,0.0573827961852346,0.04989502203403628,0.02244309436467549,0.25398649735413364,0.2605468261083626,0.15325015555726249,0.18251339379981044,0.004363020061428907,0.07865410730694755,0.04424290544737897,0.018786272244729934,0.15825416358994893,0.20512583756481365,0.185371456087384,0.1947410093183763,0.017478894429573188,0.1160350660275186,0.1042073007376555,0.016257422478188833,0.12075166062098332,0.2597039462200833,0.1266399412053145,0.19945930792823088,0.029173389514677166,0.08667357543126847,0.16134075660125344,0.017477052059423005,0.060984140257197825,0.1981337717321193,0.16149100483599116,0.2415708643344283,0.014223404448706022,0.11618064839295313,0.18993911393918156,2.0,-10.0,4.0,2.0,-1.0,8.0,-6.0,1.0
METROPOLITANA DE SANTIAGO,BAJOS DE MENA,COLEGIO PARTICULAR POLITECNICO EYZAGUIRRE MEDIA,56,4,28,61,12,17,11,1,0,6,1,4,107,11,7,8,2,1,0,140,78,-1,-1,5,28,52,16,18,3,9,9,3,0.04656159901315885,0.13076244393524974,0.4413996286317461,0.11354657636601127,0.11021625285010007,0.002681661680156263,0.08107364471964638,0.07375819280393135,0.03867064933202624,0.21280711288042978,0.4036092647684513,0.09871068436354312,0.1149302257840372,0.023994244652241585,0.0573827961852346,0.04989502203403628,0.02244309436467549,0.25398649735413364,0.2605468261083626,0.15325015555726249,0.18251339379981044,0.004363020061428907,0.07865410730694755,0.04424290544737897,0.018786272244729934,0.15825416358994893,0.20512583756481365,0.185371456087384,0.1947410093183763,0.017478894429573188,0.1160350660275186,0.1042073007376555,0.016257422478188833,0.12075166062098332,0.2597039462200833,0.1266399412053145,0.19945930792823088,0.029173389514677166,0.08667357543126847,0.16134075660125344,0.017477052059423005,0.060984140257197825,0.1981337717321193,0.16149100483599116,0.2415708643344283,0.014223404448706022,0.11618064839295313,0.18993911393918156,-1.0,0.0,9.0,-4.0,-1.0,-2.0,2.0,-3.0
METROPOLITANA DE SANTIAGO,BAJOS DE MENA,COLEGIO PARTICULAR POLITECNICO EYZAGUIRRE MEDIA,57,4,23,53,15,14,15,1,0,11,1,0,80,16,7,19,10,1,2,136,78,-1,-1,4,25,46,16,21,3,10,11,13,0.04656159901315885,0.13076244393524974,0.4413996286317461,0.11354657636601127,0.11021625285010007,0.002681661680156263,0.08107364471964638,0.07375819280393135,0.03867064933202624,0.21280711288042978,0.4036092647684513,0.09871068436354312,0.1149302257840372,0.023994244652241585,0.0573827961852346,0.04989502203403628,0.02244309436467549,0.25398649735413364,0.2605468261083626,0.15325015555726249,0.18251339379981044,0.004363020061428907,0.07865410730694755,0.04424290544737897,0.018786272244729934,0.15825416358994893,0.20512583756481365,0.185371456087384,0.1947410093183763,0.017478894429573188,0.1160350660275186,0.1042073007376555,0.016257422478188833,0.12075166062098332,0.2597039462200833,0.1266399412053145,0.19945930792823088,0.029173389514677166,0.08667357543126847,0.16134075660125344,0.017477052059423005,0.060984140257197825,0.1981337717321193,0.16149100483599116,0.2415708643344283,0.014223404448706022,0.11618064839295313,0.18993911393918156,0.0,-2.0,7.0,-1.0,-7.0,-2.0,5.0,0.0
METROPOLITANA DE SANTIAGO,BAJOS DE MENA,COLEGIO PARTICULAR POLITECNICO EYZAGUIRRE MEDIA,58,7,25,41,17,15,7,0,1,7,1,4,91,5,3,10,3,3,0,120,78,-1,-1,4,23,45,13,16,3,8,8,6,0.04656159901315885,0.13076244393524974,0.4413996286317461,0.11354657636601127,0.11021625285010007,0.002681661680156263,0.08107364471964638,0.07375819280393135,0.03867064933202624,0.21280711288042978,0.4036092647684513,0.09871068436354312,0.1149302257840372,0.023994244652241585,0.0573827961852346,0.04989502203403628,0.02244309436467549,0.25398649735413364,0.2605468261083626,0.15325015555726249,0.18251339379981044,0.004363020061428907,0.07865410730694755,0.04424290544737897,0.018786272244729934,0.15825416358994893,0.20512583756481365,0.185371456087384,0.1947410093183763,0.017478894429573188,0.1160350660275186,0.1042073007376555,0.016257422478188833,0.12075166062098332,0.2597039462200833,0.1266399412053145,0.19945930792823088,0.029173389514677166,0.08667357543126847,0.16134075660125344,0.017477052059423005,0.060984140257197825,0.1981337717321193,0.16149100483599116,0.2415708643344283,0.014223404448706022,0.11618064839295313,0.18993911393918156,3.0,2.0,-4.0,4.0,-1.0,-2.0,-1.0,-1.0
METROPOLITANA DE SANTIAGO,BAJOS DE MENA,COLEGIO PARTICULAR POLITECNICO EYZAGUIRRE MEDIA,59,3,16,60,13,15,7,0,2,9,2,52,65,3,3,3,0,0,0,125,78,-1,-1,5,22,51,13,15,2,9,8,0,0.04656159901315885,0.13076244393524974,0.4413996286317461,0.11354657636601127,0.11021625285010007,0.002681661680156263,0.08107364471964638,0.07375819280393135,0.03867064933202624,0.21280711288042978,0.4036092647684513,0.09871068436354312,0.1149302257840372,0.023994244652241585,0.0573827961852346,0.04989502203403628,0.02244309436467549,0.25398649735413364,0.2605468261083626,0.15325015555726249,0.18251339379981044,0.004363020061428907,0.07865410730694755,0.04424290544737897,0.018786272244729934,0.15825416358994893,0.20512583756481365,0.185371456087384,0.1947410093183763,0.017478894429573188,0.1160350660275186,0.1042073007376555,0.016257422478188833,0.12075166062098332,0.2597039462200833,0.1266399412053145,0.19945930792823088,0.029173389514677166,0.08667357543126847,0.16134075660125344,0.017477052059423005,0.060984140257197825,0.1981337717321193,0.16149100483599116,0.2415708643344283,0.014223404448706022,0.11618064839295313,0.18993911393918156,-2.0,-6.0,9.0,0.0,0.0,0.0,-2.0,1.0
METROPOLITANA DE SANTIAGO,BAJOS DE MENA,COLEGIO PARTICULAR POLITECNICO EYZAGUIRRE MEDIA,60,4,16,43,19,15,11,0,1,12,1,86,5,11,5,8,5,0,1,121,78,-1,-1,5,17,47,15,16,1,10,10,6,0.04656159901315885,0.13076244393524974,0.4413996286317461,0.11354657636601127,0.11021625285010007,0.002681661680156263,0.08107364471964638,0.07375819280393135,0.03867064933202624,0.21280711288042978,0.4036092647684513,0.09871068436354312,0.1149302257840372,0.023994244652241585,0.0573827961852346,0.04989502203403628,0.02244309436467549,0.25398649735413364,0.2605468261083626,0.15325015555726249,0.18251339379981044,0.004363020061428907,0.07865410730694755,0.04424290544737897,0.018786272244729934,0.15825416358994893,0.20512583756481365,0.185371456087384,0.1947410093183763,0.017478894429573188,0.1160350660275186,0.1042073007376555,0.016257422478188833,0.12075166062098332,0.2597039462200833,0.1266399412053145,0.19945930792823088,0.029173389514677166,0.08667357543126847,0.16134075660125344,0.017477052059423005,0.060984140257197825,0.1981337717321193,0.16149100483599116,0.2415708643344283,0.014223404448706022,0.11618064839295313,0.18993911393918156,-1.0,-1.0,-4.0,4.0,-1.0,0.0,1.0,2.0
METROPOLITANA DE SANTIAGO,BAJOS DE MENA,COLEGIO PARTICULAR POLITECNICO EYZAGUIRRE MEDIA,61,7,15,53,12,13,7,0,1,4,1,88,20,1,1,0,1,0,0,112,78,-1,-1,5,16,48,12,13,1,9,8,1,0.04656159901315885,0.13076244393524974,0.4413996286317461,0.11354657636601127,0.11021625285010007,0.002681661680156263,0.08107364471964638,0.07375819280393135,0.03867064933202624,0.21280711288042978,0.4036092647684513,0.09871068436354312,0.1149302257840372,0.023994244652241585,0.0573827961852346,0.04989502203403628,0.02244309436467549,0.25398649735413364,0.2605468261083626,0.15325015555726249,0.18251339379981044,0.004363020061428907,0.07865410730694755,0.04424290544737897,0.018786272244729934,0.15825416358994893,0.20512583756481365,0.185371456087384,0.1947410093183763,0.017478894429573188,0.1160350660275186,0.1042073007376555,0.016257422478188833,0.12075166062098332,0.2597039462200833,0.1266399412053145,0.19945930792823088,0.029173389514677166,0.08667357543126847,0.16134075660125344,0.017477052059423005,0.060984140257197825,0.1981337717321193,0.16149100483599116,0.2415708643344283,0.014223404448706022,0.11618064839295313,0.18993911393918156,2.0,-1.0,5.0,0.0,0.0,0.0,-2.0,-4.0
METROPOLITANA DE SANTIAGO,BAJOS DE MENA,COLEGIO PARTICULAR POLITECNICO EYZAGUIRRE MEDIA,62,5,23,62,19,26,9,0,2,18,2,70,24,27,20,17,5,0,0,164,78,-1,-1,6,27,57,21,24,2,14,13,5,0.04656159901315885,0.13076244393524974,0.4413996286317461,0.11354657636601127,0.11021625285010007,0.002681661680156263,0.08107364471964638,0.07375819280393135,0.03867064933202624,0.21280711288042978,0.4036092647684513,0.09871068436354312,0.1149302257840372,0.023994244652241585,0.0573827961852346,0.04989502203403628,0.02244309436467549,0.25398649735413364,0.2605468261083626,0.15325015555726249,0.18251339379981044,0.004363020061428907,0.07865410730694755,0.04424290544737897,0.018786272244729934,0.15825416358994893,0.20512583756481365,0.185371456087384,0.1947410093183763,0.017478894429573188,0.1160350660275186,0.1042073007376555,0.016257422478188833,0.12075166062098332,0.2597039462200833,0.1266399412053145,0.19945930792823088,0.029173389514677166,0.08667357543126847,0.16134075660125344,0.017477052059423005,0.060984140257197825,0.1981337717321193,0.16149100483599116,0.2415708643344283,0.014223404448706022,0.11618064839295313,0.18993911393918156,-1.0,-4.0,5.0,-2.0,2.0,0.0,-5.0,5.0
METROPOLITANA DE SANTIAGO,BAJOS DE MENA,COLEGIO PARTICULAR POLITECNICO EYZAGUIRRE MEDIA,63,5,25,60,14,32,25,2,2,14,4,38,30,24,16,45,16,10,0,179,78,-1,-1,5,27,55,24,30,3,16,19,26,0.04656159901315885,0.13076244393524974,0.4413996286317461,0.11354657636601127,0.11021625285010007,0.002681661680156263,0.08107364471964638,0.07375819280393135,0.03867064933202624,0.21280711288042978,0.4036092647684513,0.09871068436354312,0.1149302257840372,0.023994244652241585,0.0573827961852346,0.04989502203403628,0.02244309436467549,0.25398649735413364,0.2605468261083626,0.15325015555726249,0.18251339379981044,0.004363020061428907,0.07865410730694755,0.04424290544737897,0.018786272244729934,0.15825416358994893,0.20512583756481365,0.185371456087384,0.1947410093183763,0.017478894429573188,0.1160350660275186,0.1042073007376555,0.016257422478188833,0.12075166062098332,0.2597039462200833,0.1266399412053145,0.19945930792823088,0.029173389514677166,0.08667357543126847,0.16134075660125344,0.017477052059423005,0.060984140257197825,0.1981337717321193,0.16149100483599116,0.2415708643344283,0.014223404448706022,0.11618064839295313,0.18993911393918156,0.0,-2.0,5.0,-10.0,2.0,1.0,9.0,-5.0
METROPOLITANA DE SANTIAGO,BAJOS DE MENA,COLEGIO PARTICULAR POLITECNICO EYZAGUIRRE MEDIA,64,3,27,34,11,12,8,0,2,6,2,0,25,37,26,11,4,0,0,103,78,-1,-1,2,20,29,15,18,2,9,8,4,0.04656159901315885,0.13076244393524974,0.4413996286317461,0.11354657636601127,0.11021625285010007,0.002681661680156263,0.08107364471964638,0.07375819280393135,0.03867064933202624,0.21280711288042978,0.4036092647684513,0.09871068436354312,0.1149302257840372,0.023994244652241585,0.0573827961852346,0.04989502203403628,0.02244309436467549,0.25398649735413364,0.2605468261083626,0.15325015555726249,0.18251339379981044,0.004363020061428907,0.07865410730694755,0.04424290544737897,0.018786272244729934,0.15825416358994893,0.20512583756481365,0.185371456087384,0.1947410093183763,0.017478894429573188,0.1160350660275186,0.1042073007376555,0.016257422478188833,0.12075166062098332,0.2597039462200833,0.1266399412053145,0.19945930792823088,0.029173389514677166,0.08667357543126847,0.16134075660125344,0.017477052059423005,0.060984140257197825,0.1981337717321193,0.16149100483599116,0.2415708643344283,0.014223404448706022,0.11618064839295313,0.18993911393918156,1.0,7.0,5.0,-4.0,-6.0,0.0,-1.0,-2.0
METROPOLITANA DE SANTIAGO,BAJOS DE MENA,COLEGIO PARTICULAR POLITECNICO EYZAGUIRRE MEDIA,65,1,21,28,15,15,1,0,2,3,2,0,33,29,12,10,2,0,0,86,78,-1,-1,2,18,26,12,14,1,7,6,2,0.04656159901315885,0.13076244393524974,0.4413996286317461,0.11354657636601127,0.11021625285010007,0.002681661680156263,0.08107364471964638,0.07375819280393135,0.03867064933202624,0.21280711288042978,0.4036092647684513,0.09871068436354312,0.1149302257840372,0.023994244652241585,0.0573827961852346,0.04989502203403628,0.02244309436467549,0.25398649735413364,0.2605468261083626,0.15325015555726249,0.18251339379981044,0.004363020061428907,0.07865410730694755,0.04424290544737897,0.018786272244729934,0.15825416358994893,0.20512583756481365,0.185371456087384,0.1947410093183763,0.017478894429573188,0.1160350660275186,0.1042073007376555,0.016257422478188833,0.12075166062098332,0.2597039462200833,0.1266399412053145,0.19945930792823088,0.029173389514677166,0.08667357543126847,0.16134075660125344,0.017477052059423005,0.060984140257197825,0.1981337717321193,0.16149100483599116,0.2415708643344283,0.014223404448706022,0.11618064839295313,0.18993911393918156,-1.0,3.0,2.0,3.0,1.0,1.0,-6.0,-3.0
METROPOLITANA DE SANTIAGO,BAJOS DE MENA,COLEGIO PARTICULAR POLITECNICO EYZAGUIRRE MEDIA,66,0,20,24,10,14,3,0,0,10,0,1,40,22,11,4,1,2,0,81,78,-1,-1,3,17,26,11,12,1,6,5,3,0.04656159901315885,0.13076244393524974,0.4413996286317461,0.11354657636601127,0.11021625285010007,0.002681661680156263,0.08107364471964638,0.07375819280393135,0.03867064933202624,0.21280711288042978,0.4036092647684513,0.09871068436354312,0.1149302257840372,0.023994244652241585,0.0573827961852346,0.04989502203403628,0.02244309436467549,0.25398649735413364,0.2605468261083626,0.15325015555726249,0.18251339379981044,0.004363020061428907,0.07865410730694755,0.04424290544737897,0.018786272244729934,0.15825416358994893,0.20512583756481365,0.185371456087384,0.1947410093183763,0.017478894429573188,0.1160350660275186,0.1042073007376555,0.016257422478188833,0.12075166062098332,0.2597039462200833,0.1266399412053145,0.19945930792823088,0.029173389514677166,0.08667357543126847,0.16134075660125344,0.017477052059423005,0.060984140257197825,0.1981337717321193,0.16149100483599116,0.2415708643344283,0.014223404448706022,0.11618064839295313,0.18993911393918156,-3.0,3.0,-2.0,-1.0,2.0,-1.0,-3.0,5.0
METROPOLITANA DE SANTIAGO,BAJOS DE MENA,COLEGIO PARTICULAR POLITECNICO EYZAGUIRRE MEDIA,67,1,23,18,12,17,6,0,2,4,2,0,39,23,15,2,4,0,0,83,78,-1,-1,2,17,26,11,13,1,7,6,4,0.04656159901315885,0.13076244393524974,0.4413996286317461,0.11354657636601127,0.11021625285010007,0.002681661680156263,0.08107364471964638,0.07375819280393135,0.03867064933202624,0.21280711288042978,0.4036092647684513,0.09871068436354312,0.1149302257840372,0.023994244652241585,0.0573827961852346,0.04989502203403628,0.02244309436467549,0.25398649735413364,0.2605468261083626,0.15325015555726249,0.18251339379981044,0.004363020061428907,0.07865410730694755,0.04424290544737897,0.018786272244729934,0.15825416358994893,0.20512583756481365,0.185371456087384,0.1947410093183763,0.017478894429573188,0.1160350660275186,0.1042073007376555,0.016257422478188833,0.12075166062098332,0.2597039462200833,0.1266399412053145,0.19945930792823088,0.029173389514677166,0.08667357543126847,0.16134075660125344,0.017477052059423005,0.060984140257197825,0.1981337717321193,0.16149100483599116,0.2415708643344283,0.014223404448706022,0.11618064839295313,0.18993911393918156,-1.0,6.0,-8.0,1.0,4.0,1.0,-1.0,-2.0
METROPOLITANA DE SANTIAGO,BAJOS DE MENA,ESCUELA LAS PALMAS,33,4,28,44,12,17,3,3,7,6,10,4,98,6,3,11,2,0,0,124,78,-1,-1,4,25,47,13,16,3,8,8,2,0.04656159901315885,0.13076244393524974,0.4413996286317461,0.11354657636601127,0.11021625285010007,0.002681661680156263,0.08107364471964638,0.07375819280393135,0.03867064933202624,0.21280711288042978,0.4036092647684513,0.09871068436354312,0.1149302257840372,0.023994244652241585,0.0573827961852346,0.04989502203403628,0.02244309436467549,0.25398649735413364,0.2605468261083626,0.15325015555726249,0.18251339379981044,0.004363020061428907,0.07865410730694755,0.04424290544737897,0.018786272244729934,0.15825416358994893,0.20512583756481365,0.185371456087384,0.1947410093183763,0.017478894429573188,0.1160350660275186,0.1042073007376555,0.016257422478188833,0.12075166062098332,0.2597039462200833,0.1266399412053145,0.19945930792823088,0.029173389514677166,0.08667357543126847,0.16134075660125344,0.017477052059423005,0.060984140257197825,0.1981337717321193,0.16149100483599116,0.2415708643344283,0.014223404448706022,0.11618064839295313,0.18993911393918156,0.0,3.0,-3.0,-1.0,1.0,7.0,-5.0,-2.0
METROPOLITANA DE SANTIAGO,BAJOS DE MENA,ESCUELA LAS PALMAS,34,3,25,48,15,15,9,0,1,10,1,3,111,5,1,1,3,1,1,126,78,-1,-1,5,26,49,13,15,3,8,7,5,0.04656159901315885,0.13076244393524974,0.4413996286317461,0.11354657636601127,0.11021625285010007,0.002681661680156263,0.08107364471964638,0.07375819280393135,0.03867064933202624,0.21280711288042978,0.4036092647684513,0.09871068436354312,0.1149302257840372,0.023994244652241585,0.0573827961852346,0.04989502203403628,0.02244309436467549,0.25398649735413364,0.2605468261083626,0.15325015555726249,0.18251339379981044,0.004363020061428907,0.07865410730694755,0.04424290544737897,0.018786272244729934,0.15825416358994893,0.20512583756481365,0.185371456087384,0.1947410093183763,0.017478894429573188,0.1160350660275186,0.1042073007376555,0.016257422478188833,0.12075166062098332,0.2597039462200833,0.1266399412053145,0.19945930792823088,0.029173389514677166,0.08667357543126847,0.16134075660125344,0.017477052059423005,0.060984140257197825,0.1981337717321193,0.16149100483599116,0.2415708643344283,0.014223404448706022,0.11618064839295313,0.18993911393918156,-2.0,-1.0,-1.0,2.0,0.0,-2.0,1.0,3.0
METROPOLITANA DE SANTIAGO,BAJOS DE MENA,ESCUELA LAS PALMAS,35,4,37,44,14,9,6,1,5,11,6,5,109,7,2,4,4,0,0,131,78,-1,-1,5,27,50,14,16,3,8,8,4,0.04656159901315885,0.13076244393524974,0.4413996286317461,0.11354657636601127,0.11021625285010007,0.002681661680156263,0.08107364471964638,0.07375819280393135,0.03867064933202624,0.21280711288042978,0.4036092647684513,0.09871068436354312,0.1149302257840372,0.023994244652241585,0.0573827961852346,0.04989502203403628,0.02244309436467549,0.25398649735413364,0.2605468261083626,0.15325015555726249,0.18251339379981044,0.004363020061428907,0.07865410730694755,0.04424290544737897,0.018786272244729934,0.15825416358994893,0.20512583756481365,0.185371456087384,0.1947410093183763,0.017478894429573188,0.1160350660275186,0.1042073007376555,0.016257422478188833,0.12075166062098332,0.2597039462200833,0.1266399412053145,0.19945930792823088,0.029173389514677166,0.08667357543126847,0.16134075660125344,0.017477052059423005,0.060984140257197825,0.1981337717321193,0.16149100483599116,0.2415708643344283,0.014223404448706022,0.11618064839295313,0.18993911393918156,-1.0,10.0,-6.0,0.0,-7.0,3.0,-2.0,3.0
METROPOLITANA DE SANTIAGO,BAJOS DE MENA,ESCUELA LAS PALMAS,36,2,27,30,15,24,13,1,2,8,3,4,103,6,2,4,3,0,0,122,78,-1,-1,4,25,47,13,15,3,8,7,3,0.04656159901315885,0.13076244393524974,0.4413996286317461,0.11354657636601127,0.11021625285010007,0.002681661680156263,0.08107364471964638,0.07375819280393135,0.03867064933202624,0.21280711288042978,0.4036092647684513,0.09871068436354312,0.1149302257840372,0.023994244652241585,0.0573827961852346,0.04989502203403628,0.02244309436467549,0.25398649735413364,0.2605468261083626,0.15325015555726249,0.18251339379981044,0.004363020061428907,0.07865410730694755,0.04424290544737897,0.018786272244729934,0.15825416358994893,0.20512583756481365,0.185371456087384,0.1947410093183763,0.017478894429573188,0.1160350660275186,0.1042073007376555,0.016257422478188833,0.12075166062098332,0.2597039462200833,0.1266399412053145,0.19945930792823088,0.029173389514677166,0.08667357543126847,0.16134075660125344,0.017477052059423005,0.060984140257197825,0.1981337717321193,0.16149100483599116,0.2415708643344283,0.014223404448706022,0.11618064839295313,0.18993911393918156,-2.0,2.0,-17.0,2.0,9.0,0.0,5.0,1.0
METROPOLITANA DE SANTIAGO,BAJOS DE MENA,ESCUELA LAS PALMAS,37,5,34,58,15,16,7,0,2,4,2,4,126,6,0,2,2,1,0,141,78,-1,-1,5,29,55,15,17,3,9,8,3,0.04656159901315885,0.13076244393524974,0.4413996286317461,0.11354657636601127,0.11021625285010007,0.002681661680156263,0.08107364471964638,0.07375819280393135,0.03867064933202624,0.21280711288042978,0.4036092647684513,0.09871068436354312,0.1149302257840372,0.023994244652241585,0.0573827961852346,0.04989502203403628,0.02244309436467549,0.25398649735413364,0.2605468261083626,0.15325015555726249,0.18251339379981044,0.004363020061428907,0.07865410730694755,0.04424290544737897,0.018786272244729934,0.15825416358994893,0.20512583756481365,0.185371456087384,0.1947410093183763,0.017478894429573188,0.1160350660275186,0.1042073007376555,0.016257422478188833,0.12075166062098332,0.2597039462200833,0.1266399412053145,0.19945930792823088,0.029173389514677166,0.08667357543126847,0.16134075660125344,0.017477052059423005,0.060984140257197825,0.1981337717321193,0.16149100483599116,0.2415708643344283,0.014223404448706022,0.11618064839295313,0.18993911393918156,0.0,5.0,3.0,0.0,-1.0,-1.0,-2.0,-4.0
METROPOLITANA DE SANTIAGO,BAJOS DE MENA,ESCUELA LAS PALMAS,38,6,19,46,14,12,11,1,1,3,2,2,100,2,2,4,2,1,0,113,78,-1,-1,4,23,44,12,14,2,7,7,3,0.04656159901315885,0.13076244393524974,0.4413996286317461,0.11354657636601127,0.11021625285010007,0.002681661680156263,0.08107364471964638,0.07375819280393135,0.03867064933202624,0.21280711288042978,0.4036092647684513,0.09871068436354312,0.1149302257840372,0.023994244652241585,0.0573827961852346,0.04989502203403628,0.02244309436467549,0.25398649735413364,0.2605468261083626,0.15325015555726249,0.18251339379981044,0.004363020061428907,0.07865410730694755,0.04424290544737897,0.018786272244729934,0.15825416358994893,0.20512583756481365,0.185371456087384,0.1947410093183763,0.017478894429573188,0.1160350660275186,0.1042073007376555,0.016257422478188833,0.12075166062098332,0.2597039462200833,0.1266399412053145,0.19945930792823088,0.029173389514677166,0.08667357543126847,0.16134075660125344,0.017477052059423005,0.060984140257197825,0.1981337717321193,0.16149100483599116,0.2415708643344283,0.014223404448706022,0.11618064839295313,0.18993911393918156,2.0,-4.0,2.0,2.0,-2.0,0.0,4.0,-4.0
METROPOLITANA DE SANTIAGO,BAJOS DE MENA,ESCUELA LAS PALMAS,39,6,19,47,15,10,11,2,0,10,2,1,102,4,5,5,1,1,1,120,78,-1,-1,4,24,46,13,15,3,8,7,3,0.04656159901315885,0.13076244393524974,0.4413996286317461,0.11354657636601127,0.11021625285010007,0.002681661680156263,0.08107364471964638,0.07375819280393135,0.03867064933202624,0.21280711288042978,0.4036092647684513,0.09871068436354312,0.1149302257840372,0.023994244652241585,0.0573827961852346,0.04989502203403628,0.02244309436467549,0.25398649735413364,0.2605468261083626,0.15325015555726249,0.18251339379981044,0.004363020061428907,0.07865410730694755,0.04424290544737897,0.018786272244729934,0.15825416358994893,0.20512583756481365,0.185371456087384,0.1947410093183763,0.017478894429573188,0.1160350660275186,0.1042073007376555,0.016257422478188833,0.12075166062098332,0.2597039462200833,0.1266399412053145,0.19945930792823088,0.029173389514677166,0.08667357543126847,0.16134075660125344,0.017477052059423005,0.060984140257197825,0.1981337717321193,0.16149100483599116,0.2415708643344283,0.014223404448706022,0.11618064839295313,0.18993911393918156,2.0,-5.0,1.0,2.0,-5.0,-1.0,3.0,3.0
METROPOLITANA DE SANTIAGO,BAJOS DE MENA,ESCUELA LAS PALMAS,40,1,25,46,8,18,10,2,2,13,4,0,104,4,3,6,4,3,0,125,78,-1,-1,4,25,47,14,16,3,8,8,7,0.04656159901315885,0.13076244393524974,0.4413996286317461,0.11354657636601127,0.11021625285010007,0.002681661680156263,0.08107364471964638,0.07375819280393135,0.03867064933202624,0.21280711288042978,0.4036092647684513,0.09871068436354312,0.1149302257840372,0.023994244652241585,0.0573827961852346,0.04989502203403628,0.02244309436467549,0.25398649735413364,0.2605468261083626,0.15325015555726249,0.18251339379981044,0.004363020061428907,0.07865410730694755,0.04424290544737897,0.018786272244729934,0.15825416358994893,0.20512583756481365,0.185371456087384,0.1947410093183763,0.017478894429573188,0.1160350660275186,0.1042073007376555,0.016257422478188833,0.12075166062098332,0.2597039462200833,0.1266399412053145,0.19945930792823088,0.029173389514677166,0.08667357543126847,0.16134075660125344,0.017477052059423005,0.060984140257197825,0.1981337717321193,0.16149100483599116,0.2415708643344283,0.014223404448706022,0.11618064839295313,0.18993911393918156,-3.0,0.0,-1.0,-6.0,2.0,1.0,2.0,5.0
METROPOLITANA DE SANTIAGO,BAJOS DE MENA,ESCUELA LAS PALMAS,41,6,34,53,11,13,6,0,1,7,1,3,118,3,1,3,3,0,0,131,78,-1,-1,5,27,51,14,16,3,8,7,3,0.04656159901315885,0.13076244393524974,0.4413996286317461,0.11354657636601127,0.11021625285010007,0.002681661680156263,0.08107364471964638,0.07375819280393135,0.03867064933202624,0.21280711288042978,0.4036092647684513,0.09871068436354312,0.1149302257840372,0.023994244652241585,0.0573827961852346,0.04989502203403628,0.02244309436467549,0.25398649735413364,0.2605468261083626,0.15325015555726249,0.18251339379981044,0.004363020061428907,0.07865410730694755,0.04424290544737897,0.018786272244729934,0.15825416358994893,0.20512583756481365,0.185371456087384,0.1947410093183763,0.017478894429573188,0.1160350660275186,0.1042073007376555,0.016257422478188833,0.12075166062098332,0.2597039462200833,0.1266399412053145,0.19945930792823088,0.029173389514677166,0.08667357543126847,0.16134075660125344,0.017477052059423005,0.060984140257197825,0.1981337717321193,0.16149100483599116,0.2415708643344283,0.014223404448706022,0.11618064839295313,0.18993911393918156,1.0,7.0,2.0,-3.0,-3.0,-2.0,-2.0,0.0
METROPOLITANA DE SANTIAGO,BAJOS DE MENA,ESCUELA LAS PALMAS,42,10,32,46,7,14,9,0,1,8,1,0,115,4,1,5,1,0,0,127,78,-1,-1,5,26,50,13,15,3,8,7,1,0.04656159901315885,0.13076244393524974,0.4413996286317461,0.11354657636601127,0.11021625285010007,0.002681661680156263,0.08107364471964638,0.07375819280393135,0.03867064933202624,0.21280711288042978,0.4036092647684513,0.09871068436354312,0.1149302257840372,0.023994244652241585,0.0573827961852346,0.04989502203403628,0.02244309436467549,0.25398649735413364,0.2605468261083626,0.15325015555726249,0.18251339379981044,0.004363020061428907,0.07865410730694755,0.04424290544737897,0.018786272244729934,0.15825416358994893,0.20512583756481365,0.185371456087384,0.1947410093183763,0.017478894429573188,0.1160350660275186,0.1042073007376555,0.016257422478188833,0.12075166062098332,0.2597039462200833,0.1266399412053145,0.19945930792823088,0.029173389514677166,0.08667357543126847,0.16134075660125344,0.017477052059423005,0.060984140257197825,0.1981337717321193,0.16149100483599116,0.2415708643344283,0.014223404448706022,0.11618064839295313,0.18993911393918156,5.0,6.0,-4.0,-6.0,-1.0,-2.0,1.0,1.0
METROPOLITANA DE SANTIAGO,BAJOS DE MENA,ESCUELA LAS PALMAS,43,4,23,52,14,11,7,1,0,7,1,1,112,0,2,1,3,1,0,119,78,-1,-1,5,24,47,12,14,3,7,7,4,0.04656159901315885,0.13076244393524974,0.4413996286317461,0.11354657636601127,0.11021625285010007,0.002681661680156263,0.08107364471964638,0.07375819280393135,0.03867064933202624,0.21280711288042978,0.4036092647684513,0.09871068436354312,0.1149302257840372,0.023994244652241585,0.0573827961852346,0.04989502203403628,0.02244309436467549,0.25398649735413364,0.2605468261083626,0.15325015555726249,0.18251339379981044,0.004363020061428907,0.07865410730694755,0.04424290544737897,0.018786272244729934,0.15825416358994893,0.20512583756481365,0.185371456087384,0.1947410093183763,0.017478894429573188,0.1160350660275186,0.1042073007376555,0.016257422478188833,0.12075166062098332,0.2597039462200833,0.1266399412053145,0.19945930792823088,0.029173389514677166,0.08667357543126847,0.16134075660125344,0.017477052059423005,0.060984140257197825,0.1981337717321193,0.16149100483599116,0.2415708643344283,0.014223404448706022,0.11618064839295313,0.18993911393918156,-1.0,-1.0,5.0,2.0,-3.0,-2.0,0.0,0.0
METROPOLITANA DE SANTIAGO,BAJOS DE MENA,ESCUELA LAS PALMAS,44,8,23,41,16,21,9,1,2,8,3,3,109,4,0,9,2,1,0,129,78,-1,-1,5,26,50,13,16,3,8,8,3,0.04656159901315885,0.13076244393524974,0.4413996286317461,0.11354657636601127,0.11021625285010007,0.002681661680156263,0.08107364471964638,0.07375819280393135,0.03867064933202624,0.21280711288042978,0.4036092647684513,0.09871068436354312,0.1149302257840372,0.023994244652241585,0.0573827961852346,0.04989502203403628,0.02244309436467549,0.25398649735413364,0.2605468261083626,0.15325015555726249,0.18251339379981044,0.004363020061428907,0.07865410730694755,0.04424290544737897,0.018786272244729934,0.15825416358994893,0.20512583756481365,0.185371456087384,0.1947410093183763,0.017478894429573188,0.1160350660275186,0.1042073007376555,0.016257422478188833,0.12075166062098332,0.2597039462200833,0.1266399412053145,0.19945930792823088,0.029173389514677166,0.08667357543126847,0.16134075660125344,0.017477052059423005,0.060984140257197825,0.1981337717321193,0.16149100483599116,0.2415708643344283,0.014223404448706022,0.11618064839295313,0.18993911393918156,3.0,-3.0,-9.0,3.0,5.0,0.0,1.0,0.0
METROPOLITANA DE SANTIAGO,BAJOS DE MENA,ESCUELA LAS PALMAS,45,2,17,49,17,20,15,1,0,12,1,3,61,6,10,9,30,13,2,133,78,-1,-1,4,20,41,17,23,3,11,14,45,0.04656159901315885,0.13076244393524974,0.4413996286317461,0.11354657636601127,0.11021625285010007,0.002681661680156263,0.08107364471964638,0.07375819280393135,0.03867064933202624,0.21280711288042978,0.4036092647684513,0.09871068436354312,0.1149302257840372,0.023994244652241585,0.0573827961852346,0.04989502203403628,0.02244309436467549,0.25398649735413364,0.2605468261083626,0.15325015555726249,0.18251339379981044,0.004363020061428907,0.07865410730694755,0.04424290544737897,0.018786272244729934,0.15825416358994893,0.20512583756481365,0.185371456087384,0.1947410093183763,0.017478894429573188,0.1160350660275186,0.1042073007376555,0.016257422478188833,0.12075166062098332,0.2597039462200833,0.1266399412053145,0.19945930792823088,0.029173389514677166,0.08667357543126847,0.16134075660125344,0.017477052059423005,0.060984140257197825,0.1981337717321193,0.16149100483599116,0.2415708643344283,0.014223404448706022,0.11618064839295313,0.18993911393918156,-2.0,-3.0,8.0,0.0,-3.0,-2.0,4.0,-2.0
METROPOLITANA DE SANTIAGO,BAJOS DE MENA,ESCUELA LAS PALMAS,46,4,22,37,21,27,7,1,6,20,7,9,16,19,32,52,14,3,0,145,78,-1,-1,3,22,39,21,27,3,13,17,17,0.04656159901315885,0.13076244393524974,0.4413996286317461,0.11354657636601127,0.11021625285010007,0.002681661680156263,0.08107364471964638,0.07375819280393135,0.03867064933202624,0.21280711288042978,0.4036092647684513,0.09871068436354312,0.1149302257840372,0.023994244652241585,0.0573827961852346,0.04989502203403628,0.02244309436467549,0.25398649735413364,0.2605468261083626,0.15325015555726249,0.18251339379981044,0.004363020061428907,0.07865410730694755,0.04424290544737897,0.018786272244729934,0.15825416358994893,0.20512583756481365,0.185371456087384,0.1947410093183763,0.017478894429573188,0.1160350660275186,0.1042073007376555,0.016257422478188833,0.12075166062098332,0.2597039462200833,0.1266399412053145,0.19945930792823088,0.029173389514677166,0.08667357543126847,0.16134075660125344,0.017477052059423005,0.060984140257197825,0.1981337717321193,0.16149100483599116,0.2415708643344283,0.014223404448706022,0.11618064839295313,0.18993911393918156,1.0,0.0,-2.0,0.0,0.0,4.0,-6.0,3.0
METROPOLITANA DE SANTIAGO,BAJOS DE MENA,ESCUELA LAS PALMAS,47,1,19,31,23,28,16,1,0,9,1,2,22,15,34,41,11,2,0,128,78,-1,-1,3,20,34,18,24,2,12,15,13,0.04656159901315885,0.13076244393524974,0.4413996286317461,0.11354657636601127,0.11021625285010007,0.002681661680156263,0.08107364471964638,0.07375819280393135,0.03867064933202624,0.21280711288042978,0.4036092647684513,0.09871068436354312,0.1149302257840372,0.023994244652241585,0.0573827961852346,0.04989502203403628,0.02244309436467549,0.25398649735413364,0.2605468261083626,0.15325015555726249,0.18251339379981044,0.004363020061428907,0.07865410730694755,0.04424290544737897,0.018786272244729934,0.15825416358994893,0.20512583756481365,0.185371456087384,0.1947410093183763,0.017478894429573188,0.1160350660275186,0.1042073007376555,0.016257422478188833,0.12075166062098332,0.2597039462200833,0.1266399412053145,0.19945930792823088,0.029173389514677166,0.08667357543126847,0.16134075660125344,0.017477052059423005,0.060984140257197825,0.1981337717321193,0.16149100483599116,0.2415708643344283,0.014223404448706022,0.11618064839295313,0.18993911393918156,-2.0,-1.0,-3.0,5.0,4.0,-1.0,4.0,-6.0
METROPOLITANA DE SANTIAGO,BAJOS DE MENA,ESCUELA LAS PALMAS,48,3,23,45,17,21,11,1,2,17,3,4,21,18,27,57,11,3,0,140,78,-1,-1,3,21,38,20,26,3,12,17,14,0.04656159901315885,0.13076244393524974,0.4413996286317461,0.11354657636601127,0.11021625285010007,0.002681661680156263,0.08107364471964638,0.07375819280393135,0.03867064933202624,0.21280711288042978,0.4036092647684513,0.09871068436354312,0.1149302257840372,0.023994244652241585,0.0573827961852346,0.04989502203403628,0.02244309436467549,0.25398649735413364,0.2605468261083626,0.15325015555726249,0.18251339379981044,0.004363020061428907,0.07865410730694755,0.04424290544737897,0.018786272244729934,0.15825416358994893,0.20512583756481365,0.185371456087384,0.1947410093183763,0.017478894429573188,0.1160350660275186,0.1042073007376555,0.016257422478188833,0.12075166062098332,0.2597039462200833,0.1266399412053145,0.19945930792823088,0.029173389514677166,0.08667357543126847,0.16134075660125344,0.017477052059423005,0.060984140257197825,0.1981337717321193,0.16149100483599116,0.2415708643344283,0.014223404448706022,0.11618064839295313,0.18993911393918156,0.0,2.0,7.0,-3.0,-5.0,0.0,-1.0,0.0
METROPOLITANA DE SANTIAGO,BAJOS DE MENA,ESCUELA LAS PALMAS,49,5,22,30,8,16,7,0,1,16,1,2,47,13,6,28,5,3,1,105,78,-1,-1,3,18,34,13,17,2,8,10,9,0.04656159901315885,0.13076244393524974,0.4413996286317461,0.11354657636601127,0.11021625285010007,0.002681661680156263,0.08107364471964638,0.07375819280393135,0.03867064933202624,0.21280711288042978,0.4036092647684513,0.09871068436354312,0.1149302257840372,0.023994244652241585,0.0573827961852346,0.04989502203403628,0.02244309436467549,0.25398649735413364,0.2605468261083626,0.15325015555726249,0.18251339379981044,0.004363020061428907,0.07865410730694755,0.04424290544737897,0.018786272244729934,0.15825416358994893,0.20512583756481365,0.185371456087384,0.1947410093183763,0.017478894429573188,0.1160350660275186,0.1042073007376555,0.016257422478188833,0.12075166062098332,0.2597039462200833,0.1266399412053145,0.19945930792823088,0.029173389514677166,0.08667357543126847,0.16134075660125344,0.017477052059423005,0.060984140257197825,0.1981337717321193,0.16149100483599116,0.2415708643344283,0.014223404448706022,0.11618064839295313,0.18993911393918156,2.0,4.0,-4.0,-5.0,-1.0,-1.0,-1.0,6.0
METROPOLITANA DE SANTIAGO,BAJOS DE MENA,ESCUELA LAS PALMAS,50,3,23,49,13,27,7,0,0,9,0,1,100,6,9,9,2,3,0,131,78,-1,-1,4,26,48,15,17,3,9,9,5,0.04656159901315885,0.13076244393524974,0.4413996286317461,0.11354657636601127,0.11021625285010007,0.002681661680156263,0.08107364471964638,0.07375819280393135,0.03867064933202624,0.21280711288042978,0.4036092647684513,0.09871068436354312,0.1149302257840372,0.023994244652241585,0.0573827961852346,0.04989502203403628,0.02244309436467549,0.25398649735413364,0.2605468261083626,0.15325015555726249,0.18251339379981044,0.004363020061428907,0.07865410730694755,0.04424290544737897,0.018786272244729934,0.15825416358994893,0.20512583756481365,0.185371456087384,0.1947410093183763,0.017478894429573188,0.1160350660275186,0.1042073007376555,0.016257422478188833,0.12075166062098332,0.2597039462200833,0.1266399412053145,0.19945930792823088,0.029173389514677166,0.08667357543126847,0.16134075660125344,0.017477052059423005,0.060984140257197825,0.1981337717321193,0.16149100483599116,0.2415708643344283,0.014223404448706022,0.11618064839295313,0.18993911393918156,-1.0,-3.0,1.0,-2.0,10.0,-3.0,-2.0,0.0
METROPOLITANA DE SANTIAGO,BAJOS DE MENA,ESCUELA LAS PALMAS,51,2,19,47,19,13,4,3,0,4,3,3,85,5,2,9,6,2,0,111,78,-1,-1,4,21,41,12,15,3,7,8,8,0.04656159901315885,0.13076244393524974,0.4413996286317461,0.11354657636601127,0.11021625285010007,0.002681661680156263,0.08107364471964638,0.07375819280393135,0.03867064933202624,0.21280711288042978,0.4036092647684513,0.09871068436354312,0.1149302257840372,0.023994244652241585,0.0573827961852346,0.04989502203403628,0.02244309436467549,0.25398649735413364,0.2605468261083626,0.15325015555726249,0.18251339379981044,0.004363020061428907,0.07865410730694755,0.04424290544737897,0.018786272244729934,0.15825416358994893,0.20512583756481365,0.185371456087384,0.1947410093183763,0.017478894429573188,0.1160350660275186,0.1042073007376555,0.016257422478188833,0.12075166062098332,0.2597039462200833,0.1266399412053145,0.19945930792823088,0.029173389514677166,0.08667357543126847,0.16134075660125344,0.017477052059423005,0.060984140257197825,0.1981337717321193,0.16149100483599116,0.2415708643344283,0.014223404448706022,0.11618064839295313,0.18993911393918156,-2.0,-2.0,6.0,7.0,-2.0,0.0,-3.0,-4.0
METROPOLITANA DE SANTIAGO,BAJOS DE MENA,ESCUELA LAS PALMAS,52,4,23,43,16,36,11,1,7,16,8,2,40,24,21,34,28,5,2,157,78,-1,-1,4,24,43,22,29,3,14,18,35,0.04656159901315885,0.13076244393524974,0.4413996286317461,0.11354657636601127,0.11021625285010007,0.002681661680156263,0.08107364471964638,0.07375819280393135,0.03867064933202624,0.21280711288042978,0.4036092647684513,0.09871068436354312,0.1149302257840372,0.023994244652241585,0.0573827961852346,0.04989502203403628,0.02244309436467549,0.25398649735413364,0.2605468261083626,0.15325015555726249,0.18251339379981044,0.004363020061428907,0.07865410730694755,0.04424290544737897,0.018786272244729934,0.15825416358994893,0.20512583756481365,0.185371456087384,0.1947410093183763,0.017478894429573188,0.1160350660275186,0.1042073007376555,0.016257422478188833,0.12075166062098332,0.2597039462200833,0.1266399412053145,0.19945930792823088,0.029173389514677166,0.08667357543126847,0.16134075660125344,0.017477052059423005,0.060984140257197825,0.1981337717321193,0.16149100483599116,0.2415708643344283,0.014223404448706022,0.11618064839295313,0.18993911393918156,0.0,-1.0,0.0,-6.0,7.0,5.0,-3.0,-2.0
METROPOLITANA DE SANTIAGO,BAJOS DE MENA,ESCUELA LAS PALMAS,53,5,29,38,30,24,17,2,5,13,7,2,80,22,15,22,17,4,0,163,78,-1,-1,5,29,52,21,26,3,13,14,21,0.04656159901315885,0.13076244393524974,0.4413996286317461,0.11354657636601127,0.11021625285010007,0.002681661680156263,0.08107364471964638,0.07375819280393135,0.03867064933202624,0.21280711288042978,0.4036092647684513,0.09871068436354312,0.1149302257840372,0.023994244652241585,0.0573827961852346,0.04989502203403628,0.02244309436467549,0.25398649735413364,0.2605468261083626,0.15325015555726249,0.18251339379981044,0.004363020061428907,0.07865410730694755,0.04424290544737897,0.018786272244729934,0.15825416358994893,0.20512583756481365,0.185371456087384,0.1947410093183763,0.017478894429573188,0.1160350660275186,0.1042073007376555,0.016257422478188833,0.12075166062098332,0.2597039462200833,0.1266399412053145,0.19945930792823088,0.029173389514677166,0.08667357543126847,0.16134075660125344,0.017477052059423005,0.060984140257197825,0.1981337717321193,0.16149100483599116,0.2415708643344283,0.014223404448706022,0.11618064839295313,0.18993911393918156,0.0,0.0,-14.0,9.0,-2.0,4.0,4.0,-1.0
METROPOLITANA DE SANTIAGO,BAJOS DE MENA,ESCUELA LAS PALMAS,54,2,19,38,20,16,11,0,1,8,1,2,65,11,13,14,9,1,0,115,78,-1,-1,4,21,38,14,18,2,9,9,10,0.04656159901315885,0.13076244393524974,0.4413996286317461,0.11354657636601127,0.11021625285010007,0.002681661680156263,0.08107364471964638,0.07375819280393135,0.03867064933202624,0.21280711288042978,0.4036092647684513,0.09871068436354312,0.1149302257840372,0.023994244652241585,0.0573827961852346,0.04989502203403628,0.02244309436467549,0.25398649735413364,0.2605468261083626,0.15325015555726249,0.18251339379981044,0.004363020061428907,0.07865410730694755,0.04424290544737897,0.018786272244729934,0.15825416358994893,0.20512583756481365,0.185371456087384,0.1947410093183763,0.017478894429573188,0.1160350660275186,0.1042073007376555,0.016257422478188833,0.12075166062098332,0.2597039462200833,0.1266399412053145,0.19945930792823088,0.029173389514677166,0.08667357543126847,0.16134075660125344,0.017477052059423005,0.060984140257197825,0.1981337717321193,0.16149100483599116,0.2415708643344283,0.014223404448706022,0.11618064839295313,0.18993911393918156,-2.0,-2.0,0.0,6.0,-2.0,-1.0,2.0,-1.0
METROPOLITANA DE SANTIAGO,BAJOS DE MENA,LICEO MUNICIPAL CHILOE LOCAL: 1,1,4,19,49,32,41,18,3,2,30,5,1,5,11,23,72,64,17,4,198,78,-1,-1,4,22,46,29,42,4,20,31,85,0.04656159901315885,0.13076244393524974,0.4413996286317461,0.11354657636601127,0.11021625285010007,0.002681661680156263,0.08107364471964638,0.07375819280393135,0.03867064933202624,0.21280711288042978,0.4036092647684513,0.09871068436354312,0.1149302257840372,0.023994244652241585,0.0573827961852346,0.04989502203403628,0.02244309436467549,0.25398649735413364,0.2605468261083626,0.15325015555726249,0.18251339379981044,0.004363020061428907,0.07865410730694755,0.04424290544737897,0.018786272244729934,0.15825416358994893,0.20512583756481365,0.185371456087384,0.1947410093183763,0.017478894429573188,0.1160350660275186,0.1042073007376555,0.016257422478188833,0.12075166062098332,0.2597039462200833,0.1266399412053145,0.19945930792823088,0.029173389514677166,0.08667357543126847,0.16134075660125344,0.017477052059423005,0.060984140257197825,0.1981337717321193,0.16149100483599116,0.2415708643344283,0.014223404448706022,0.11618064839295313,0.18993911393918156,0.0,-3.0,3.0,3.0,-1.0,1.0,-2.0,-1.0
METROPOLITANA DE SANTIAGO,BAJOS DE MENA,LICEO MUNICIPAL CHILOE LOCAL: 1,10,3,20,20,20,26,11,0,2,8,2,1,3,5,94,3,4,0,0,110,78,-1,-1,2,18,24,20,21,2,12,11,4,0.04656159901315885,0.13076244393524974,0.4413996286317461,0.11354657636601127,0.11021625285010007,0.002681661680156263,0.08107364471964638,0.07375819280393135,0.03867064933202624,0.21280711288042978,0.4036092647684513,0.09871068436354312,0.1149302257840372,0.023994244652241585,0.0573827961852346,0.04989502203403628,0.02244309436467549,0.25398649735413364,0.2605468261083626,0.15325015555726249,0.18251339379981044,0.004363020061428907,0.07865410730694755,0.04424290544737897,0.018786272244729934,0.15825416358994893,0.20512583756481365,0.185371456087384,0.1947410093183763,0.017478894429573188,0.1160350660275186,0.1042073007376555,0.016257422478188833,0.12075166062098332,0.2597039462200833,0.1266399412053145,0.19945930792823088,0.029173389514677166,0.08667357543126847,0.16134075660125344,0.017477052059423005,0.060984140257197825,0.1981337717321193,0.16149100483599116,0.2415708643344283,0.014223404448706022,0.11618064839295313,0.18993911393918156,1.0,2.0,-4.0,0.0,5.0,0.0,-1.0,-3.0
METROPOLITANA DE SANTIAGO,BAJOS DE MENA,LICEO MUNICIPAL CHILOE LOCAL: 1,11,3,13,29,24,22,15,0,3,15,3,1,4,21,29,63,4,1,0,124,78,-1,-1,2,19,31,18,24,3,11,16,5,0.04656159901315885,0.13076244393524974,0.4413996286317461,0.11354657636601127,0.11021625285010007,0.002681661680156263,0.08107364471964638,0.07375819280393135,0.03867064933202624,0.21280711288042978,0.4036092647684513,0.09871068436354312,0.1149302257840372,0.023994244652241585,0.0573827961852346,0.04989502203403628,0.02244309436467549,0.25398649735413364,0.2605468261083626,0.15325015555726249,0.18251339379981044,0.004363020061428907,0.07865410730694755,0.04424290544737897,0.018786272244729934,0.15825416358994893,0.20512583756481365,0.185371456087384,0.1947410093183763,0.017478894429573188,0.1160350660275186,0.1042073007376555,0.016257422478188833,0.12075166062098332,0.2597039462200833,0.1266399412053145,0.19945930792823088,0.029173389514677166,0.08667357543126847,0.16134075660125344,0.017477052059423005,0.060984140257197825,0.1981337717321193,0.16149100483599116,0.2415708643344283,0.014223404448706022,0.11618064839295313,0.18993911393918156,1.0,-6.0,-2.0,6.0,-2.0,0.0,4.0,-1.0
METROPOLITANA DE SANTIAGO,BAJOS DE MENA,LICEO MUNICIPAL CHILOE LOCAL: 1,12,2,12,28,19,31,9,2,0,19,2,1,2,1,32,84,1,1,0,122,78,-1,-1,2,16,30,17,24,3,12,18,2,0.04656159901315885,0.13076244393524974,0.4413996286317461,0.11354657636601127,0.11021625285010007,0.002681661680156263,0.08107364471964638,0.07375819280393135,0.03867064933202624,0.21280711288042978,0.4036092647684513,0.09871068436354312,0.1149302257840372,0.023994244652241585,0.0573827961852346,0.04989502203403628,0.02244309436467549,0.25398649735413364,0.2605468261083626,0.15325015555726249,0.18251339379981044,0.004363020061428907,0.07865410730694755,0.04424290544737897,0.018786272244729934,0.15825416358994893,0.20512583756481365,0.185371456087384,0.1947410093183763,0.017478894429573188,0.1160350660275186,0.1042073007376555,0.016257422478188833,0.12075166062098332,0.2597039462200833,0.1266399412053145,0.19945930792823088,0.029173389514677166,0.08667357543126847,0.16134075660125344,0.017477052059423005,0.060984140257197825,0.1981337717321193,0.16149100483599116,0.2415708643344283,0.014223404448706022,0.11618064839295313,0.18993911393918156,0.0,-4.0,-2.0,2.0,7.0,-1.0,-3.0,1.0
METROPOLITANA DE SANTIAGO,BAJOS DE MENA,LICEO MUNICIPAL CHILOE LOCAL: 1,13,1,19,35,19,28,10,2,2,19,4,3,4,2,94,29,2,1,0,135,78,-1,-1,3,20,31,23,26,3,14,15,3,0.04656159901315885,0.13076244393524974,0.4413996286317461,0.11354657636601127,0.11021625285010007,0.002681661680156263,0.08107364471964638,0.07375819280393135,0.03867064933202624,0.21280711288042978,0.4036092647684513,0.09871068436354312,0.1149302257840372,0.023994244652241585,0.0573827961852346,0.04989502203403628,0.02244309436467549,0.25398649735413364,0.2605468261083626,0.15325015555726249,0.18251339379981044,0.004363020061428907,0.07865410730694755,0.04424290544737897,0.018786272244729934,0.15825416358994893,0.20512583756481365,0.185371456087384,0.1947410093183763,0.017478894429573188,0.1160350660275186,0.1042073007376555,0.016257422478188833,0.12075166062098332,0.2597039462200833,0.1266399412053145,0.19945930792823088,0.029173389514677166,0.08667357543126847,0.16134075660125344,0.017477052059423005,0.060984140257197825,0.1981337717321193,0.16149100483599116,0.2415708643344283,0.014223404448706022,0.11618064839295313,0.18993911393918156,-2.0,-1.0,4.0,-4.0,2.0,1.0,-4.0,4.0
METROPOLITANA DE SANTIAGO,BAJOS DE MENA,LICEO MUNICIPAL CHILOE LOCAL: 1,14,3,18,21,20,21,15,0,1,17,1,4,7,2,90,10,1,2,0,116,78,-1,-1,2,18,27,20,22,2,13,12,3,0.04656159901315885,0.13076244393524974,0.4413996286317461,0.11354657636601127,0.11021625285010007,0.002681661680156263,0.08107364471964638,0.07375819280393135,0.03867064933202624,0.21280711288042978,0.4036092647684513,0.09871068436354312,0.1149302257840372,0.023994244652241585,0.0573827961852346,0.04989502203403628,0.02244309436467549,0.25398649735413364,0.2605468261083626,0.15325015555726249,0.18251339379981044,0.004363020061428907,0.07865410730694755,0.04424290544737897,0.018786272244729934,0.15825416358994893,0.20512583756481365,0.185371456087384,0.1947410093183763,0.017478894429573188,0.1160350660275186,0.1042073007376555,0.016257422478188833,0.12075166062098332,0.2597039462200833,0.1266399412053145,0.19945930792823088,0.029173389514677166,0.08667357543126847,0.16134075660125344,0.017477052059423005,0.060984140257197825,0.1981337717321193,0.16149100483599116,0.2415708643344283,0.014223404448706022,0.11618064839295313,0.18993911393918156,1.0,0.0,-6.0,0.0,-1.0,-1.0,2.0,5.0
METROPOLITANA DE SANTIAGO,BAJOS DE MENA,LICEO MUNICIPAL CHILOE LOCAL: 1,15,3,16,23,26,25,16,1,2,12,3,2,6,2,104,5,3,2,0,124,78,-1,-1,3,19,27,22,24,2,14,13,5,0.04656159901315885,0.13076244393524974,0.4413996286317461,0.11354657636601127,0.11021625285010007,0.002681661680156263,0.08107364471964638,0.07375819280393135,0.03867064933202624,0.21280711288042978,0.4036092647684513,0.09871068436354312,0.1149302257840372,0.023994244652241585,0.0573827961852346,0.04989502203403628,0.02244309436467549,0.25398649735413364,0.2605468261083626,0.15325015555726249,0.18251339379981044,0.004363020061428907,0.07865410730694755,0.04424290544737897,0.018786272244729934,0.15825416358994893,0.20512583756481365,0.185371456087384,0.1947410093183763,0.017478894429573188,0.1160350660275186,0.1042073007376555,0.016257422478188833,0.12075166062098332,0.2597039462200833,0.1266399412053145,0.19945930792823088,0.029173389514677166,0.08667357543126847,0.16134075660125344,0.017477052059423005,0.060984140257197825,0.1981337717321193,0.16149100483599116,0.2415708643344283,0.014223404448706022,0.11618064839295313,0.18993911393918156,0.0,-3.0,-4.0,4.0,1.0,1.0,2.0,-1.0
METROPOLITANA DE SANTIAGO,BAJOS DE MENA,LICEO MUNICIPAL CHILOE LOCAL: 1,16,5,19,34,11,24,12,0,0,9,0,3,13,59,33,4,2,1,0,114,78,-1,-1,3,24,30,18,20,1,10,8,3,0.04656159901315885,0.13076244393524974,0.4413996286317461,0.11354657636601127,0.11021625285010007,0.002681661680156263,0.08107364471964638,0.07375819280393135,0.03867064933202624,0.21280711288042978,0.4036092647684513,0.09871068436354312,0.1149302257840372,0.023994244652241585,0.0573827961852346,0.04989502203403628,0.02244309436467549,0.25398649735413364,0.2605468261083626,0.15325015555726249,0.18251339379981044,0.004363020061428907,0.07865410730694755,0.04424290544737897,0.018786272244729934,0.15825416358994893,0.20512583756481365,0.185371456087384,0.1947410093183763,0.017478894429573188,0.1160350660275186,0.1042073007376555,0.016257422478188833,0.12075166062098332,0.2597039462200833,0.1266399412053145,0.19945930792823088,0.029173389514677166,0.08667357543126847,0.16134075660125344,0.017477052059423005,0.060984140257197825,0.1981337717321193,0.16149100483599116,0.2415708643344283,0.014223404448706022,0.11618064839295313,0.18993911393918156,2.0,-5.0,4.0,-7.0,4.0,-1.0,2.0,1.0
METROPOLITANA DE SANTIAGO,BAJOS DE MENA,LICEO MUNICIPAL CHILOE LOCAL: 1,2,4,20,35,21,45,15,1,3,25,4,0,14,13,12,36,50,38,6,169,78,-1,-1,3,18,40,26,36,3,17,26,94,0.04656159901315885,0.13076244393524974,0.4413996286317461,0.11354657636601127,0.11021625285010007,0.002681661680156263,0.08107364471964638,0.07375819280393135,0.03867064933202624,0.21280711288042978,0.4036092647684513,0.09871068436354312,0.1149302257840372,0.023994244652241585,0.0573827961852346,0.04989502203403628,0.02244309436467549,0.25398649735413364,0.2605468261083626,0.15325015555726249,0.18251339379981044,0.004363020061428907,0.07865410730694755,0.04424290544737897,0.018786272244729934,0.15825416358994893,0.20512583756481365,0.185371456087384,0.1947410093183763,0.017478894429573188,0.1160350660275186,0.1042073007376555,0.016257422478188833,0.12075166062098332,0.2597039462200833,0.1266399412053145,0.19945930792823088,0.029173389514677166,0.08667357543126847,0.16134075660125344,0.017477052059423005,0.060984140257197825,0.1981337717321193,0.16149100483599116,0.2415708643344283,0.014223404448706022,0.11618064839295313,0.18993911393918156,1.0,2.0,-5.0,-5.0,9.0,1.0,-2.0,-1.0
METROPOLITANA DE SANTIAGO,BAJOS DE MENA,LICEO MUNICIPAL CHILOE LOCAL: 1,3,2,24,37,23,42,22,0,3,28,3,1,15,14,13,48,56,32,3,181,78,-1,-1,4,20,43,27,38,3,18,28,91,0.04656159901315885,0.13076244393524974,0.4413996286317461,0.11354657636601127,0.11021625285010007,0.002681661680156263,0.08107364471964638,0.07375819280393135,0.03867064933202624,0.21280711288042978,0.4036092647684513,0.09871068436354312,0.1149302257840372,0.023994244652241585,0.0573827961852346,0.04989502203403628,0.02244309436467549,0.25398649735413364,0.2605468261083626,0.15325015555726249,0.18251339379981044,0.004363020061428907,0.07865410730694755,0.04424290544737897,0.018786272244729934,0.15825416358994893,0.20512583756481365,0.185371456087384,0.1947410093183763,0.017478894429573188,0.1160350660275186,0.1042073007376555,0.016257422478188833,0.12075166062098332,0.2597039462200833,0.1266399412053145,0.19945930792823088,0.029173389514677166,0.08667357543126847,0.16134075660125344,0.017477052059423005,0.060984140257197825,0.1981337717321193,0.16149100483599116,0.2415708643344283,0.014223404448706022,0.11618064839295313,0.18993911393918156,-2.0,4.0,-6.0,-4.0,4.0,0.0,4.0,0.0
METROPOLITANA DE SANTIAGO,BAJOS DE MENA,LICEO MUNICIPAL CHILOE LOCAL: 1,4,5,22,32,23,26,10,1,2,19,3,2,4,1,14,113,3,3,1,140,78,-1,-1,2,17,36,19,28,4,13,21,7,0.04656159901315885,0.13076244393524974,0.4413996286317461,0.11354657636601127,0.11021625285010007,0.002681661680156263,0.08107364471964638,0.07375819280393135,0.03867064933202624,0.21280711288042978,0.4036092647684513,0.09871068436354312,0.1149302257840372,0.023994244652241585,0.0573827961852346,0.04989502203403628,0.02244309436467549,0.25398649735413364,0.2605468261083626,0.15325015555726249,0.18251339379981044,0.004363020061428907,0.07865410730694755,0.04424290544737897,0.018786272244729934,0.15825416358994893,0.20512583756481365,0.185371456087384,0.1947410093183763,0.017478894429573188,0.1160350660275186,0.1042073007376555,0.016257422478188833,0.12075166062098332,0.2597039462200833,0.1266399412053145,0.19945930792823088,0.029173389514677166,0.08667357543126847,0.16134075660125344,0.017477052059423005,0.060984140257197825,0.1981337717321193,0.16149100483599116,0.2415708643344283,0.014223404448706022,0.11618064839295313,0.18993911393918156,3.0,5.0,-4.0,4.0,-2.0,-1.0,-3.0,-2.0
METROPOLITANA DE SANTIAGO,BAJOS DE MENA,LICEO MUNICIPAL CHILOE LOCAL: 1,5,6,11,33,27,34,10,3,0,21,3,5,19,8,4,4,49,55,1,145,78,-1,-1,3,14,35,22,31,2,15,23,105,0.04656159901315885,0.13076244393524974,0.4413996286317461,0.11354657636601127,0.11021625285010007,0.002681661680156263,0.08107364471964638,0.07375819280393135,0.03867064933202624,0.21280711288042978,0.4036092647684513,0.09871068436354312,0.1149302257840372,0.023994244652241585,0.0573827961852346,0.04989502203403628,0.02244309436467549,0.25398649735413364,0.2605468261083626,0.15325015555726249,0.18251339379981044,0.004363020061428907,0.07865410730694755,0.04424290544737897,0.018786272244729934,0.15825416358994893,0.20512583756481365,0.185371456087384,0.1947410093183763,0.017478894429573188,0.1160350660275186,0.1042073007376555,0.016257422478188833,0.12075166062098332,0.2597039462200833,0.1266399412053145,0.19945930792823088,0.029173389514677166,0.08667357543126847,0.16134075660125344,0.017477052059423005,0.060984140257197825,0.1981337717321193,0.16149100483599116,0.2415708643344283,0.014223404448706022,0.11618064839295313,0.18993911393918156,3.0,-3.0,-2.0,5.0,3.0,1.0,-5.0,-2.0
METROPOLITANA DE SANTIAGO,BAJOS DE MENA,LICEO MUNICIPAL CHILOE LOCAL: 1,6,4,14,36,30,29,12,1,0,26,1,2,8,5,0,26,109,1,0,152,78,-1,-1,3,13,34,23,34,3,16,26,110,0.04656159901315885,0.13076244393524974,0.4413996286317461,0.11354657636601127,0.11021625285010007,0.002681661680156263,0.08107364471964638,0.07375819280393135,0.03867064933202624,0.21280711288042978,0.4036092647684513,0.09871068436354312,0.1149302257840372,0.023994244652241585,0.0573827961852346,0.04989502203403628,0.02244309436467549,0.25398649735413364,0.2605468261083626,0.15325015555726249,0.18251339379981044,0.004363020061428907,0.07865410730694755,0.04424290544737897,0.018786272244729934,0.15825416358994893,0.20512583756481365,0.185371456087384,0.1947410093183763,0.017478894429573188,0.1160350660275186,0.1042073007376555,0.016257422478188833,0.12075166062098332,0.2597039462200833,0.1266399412053145,0.19945930792823088,0.029173389514677166,0.08667357543126847,0.16134075660125344,0.017477052059423005,0.060984140257197825,0.1981337717321193,0.16149100483599116,0.2415708643344283,0.014223404448706022,0.11618064839295313,0.18993911393918156,1.0,1.0,2.0,7.0,-5.0,-2.0,-4.0,0.0
METROPOLITANA DE SANTIAGO,BAJOS DE MENA,LICEO MUNICIPAL CHILOE LOCAL: 1,7,0,16,23,19,30,22,1,0,37,1,1,2,5,7,57,74,1,0,148,78,-1,-1,3,14,34,22,32,3,15,25,75,0.04656159901315885,0.13076244393524974,0.4413996286317461,0.11354657636601127,0.11021625285010007,0.002681661680156263,0.08107364471964638,0.07375819280393135,0.03867064933202624,0.21280711288042978,0.4036092647684513,0.09871068436354312,0.1149302257840372,0.023994244652241585,0.0573827961852346,0.04989502203403628,0.02244309436467549,0.25398649735413364,0.2605468261083626,0.15325015555726249,0.18251339379981044,0.004363020061428907,0.07865410730694755,0.04424290544737897,0.018786272244729934,0.15825416358994893,0.20512583756481365,0.185371456087384,0.1947410093183763,0.017478894429573188,0.1160350660275186,0.1042073007376555,0.016257422478188833,0.12075166062098332,0.2597039462200833,0.1266399412053145,0.19945930792823088,0.029173389514677166,0.08667357543126847,0.16134075660125344,0.017477052059423005,0.060984140257197825,0.1981337717321193,0.16149100483599116,0.2415708643344283,0.014223404448706022,0.11618064839295313,0.18993911393918156,-3.0,2.0,-11.0,-3.0,-2.0,-2.0,7.0,12.0
METROPOLITANA DE SANTIAGO,BAJOS DE MENA,LICEO MUNICIPAL CHILOE LOCAL: 1,8-76,2,17,34,28,26,18,0,1,14,1,3,3,3,50,62,17,1,1,140,78,-1,-1,3,18,34,21,28,3,14,19,19,0.04656159901315885,0.13076244393524974,0.4413996286317461,0.11354657636601127,0.11021625285010007,0.002681661680156263,0.08107364471964638,0.07375819280393135,0.03867064933202624,0.21280711288042978,0.4036092647684513,0.09871068436354312,0.1149302257840372,0.023994244652241585,0.0573827961852346,0.04989502203403628,0.02244309436467549,0.25398649735413364,0.2605468261083626,0.15325015555726249,0.18251339379981044,0.004363020061428907,0.07865410730694755,0.04424290544737897,0.018786272244729934,0.15825416358994893,0.20512583756481365,0.185371456087384,0.1947410093183763,0.017478894429573188,0.1160350660275186,0.1042073007376555,0.016257422478188833,0.12075166062098332,0.2597039462200833,0.1266399412053145,0.19945930792823088,0.029173389514677166,0.08667357543126847,0.16134075660125344,0.017477052059423005,0.060984140257197825,0.1981337717321193,0.16149100483599116,0.2415708643344283,0.014223404448706022,0.11618064839295313,0.18993911393918156,-1.0,-1.0,0.0,7.0,-2.0,-2.0,4.0,-5.0
METROPOLITANA DE SANTIAGO,BAJOS DE MENA,LICEO MUNICIPAL CHILOE LOCAL: 1,9,4,22,28,19,16,14,0,2,12,2,3,7,4,102,2,0,0,0,117,78,-1,-1,2,19,26,21,22,2,13,12,0,0.04656159901315885,0.13076244393524974,0.4413996286317461,0.11354657636601127,0.11021625285010007,0.002681661680156263,0.08107364471964638,0.07375819280393135,0.03867064933202624,0.21280711288042978,0.4036092647684513,0.09871068436354312,0.1149302257840372,0.023994244652241585,0.0573827961852346,0.04989502203403628,0.02244309436467549,0.25398649735413364,0.2605468261083626,0.15325015555726249,0.18251339379981044,0.004363020061428907,0.07865410730694755,0.04424290544737897,0.018786272244729934,0.15825416358994893,0.20512583756481365,0.185371456087384,0.1947410093183763,0.017478894429573188,0.1160350660275186,0.1042073007376555,0.016257422478188833,0.12075166062098332,0.2597039462200833,0.1266399412053145,0.19945930792823088,0.029173389514677166,0.08667357543126847,0.16134075660125344,0.017477052059423005,0.060984140257197825,0.1981337717321193,0.16149100483599116,0.2415708643344283,0.014223404448706022,0.11618064839295313,0.18993911393918156,2.0,3.0,2.0,-2.0,-6.0,0.0,1.0,0.0
METROPOLITANA DE SANTIAGO,BAJOS DE MENA,LICEO MUNICIPAL CHILOE LOCAL: 2,17,3,25,35,17,22,10,0,3,6,3,4,9,96,7,1,3,1,0,121,78,-1,-1,3,28,33,18,21,1,10,7,4,0.04656159901315885,0.13076244393524974,0.4413996286317461,0.11354657636601127,0.11021625285010007,0.002681661680156263,0.08107364471964638,0.07375819280393135,0.03867064933202624,0.21280711288042978,0.4036092647684513,0.09871068436354312,0.1149302257840372,0.023994244652241585,0.0573827961852346,0.04989502203403628,0.02244309436467549,0.25398649735413364,0.2605468261083626,0.15325015555726249,0.18251339379981044,0.004363020061428907,0.07865410730694755,0.04424290544737897,0.018786272244729934,0.15825416358994893,0.20512583756481365,0.185371456087384,0.1947410093183763,0.017478894429573188,0.1160350660275186,0.1042073007376555,0.016257422478188833,0.12075166062098332,0.2597039462200833,0.1266399412053145,0.19945930792823088,0.029173389514677166,0.08667357543126847,0.16134075660125344,0.017477052059423005,0.060984140257197825,0.1981337717321193,0.16149100483599116,0.2415708643344283,0.014223404448706022,0.11618064839295313,0.18993911393918156,0.0,-3.0,2.0,-1.0,1.0,2.0,0.0,-1.0
METROPOLITANA DE SANTIAGO,BAJOS DE MENA,LICEO MUNICIPAL CHILOE LOCAL: 2,18,2,25,25,18,22,13,0,0,10,0,4,2,67,26,8,8,0,0,115,78,-1,-1,3,24,29,18,21,1,10,9,8,0.04656159901315885,0.13076244393524974,0.4413996286317461,0.11354657636601127,0.11021625285010007,0.002681661680156263,0.08107364471964638,0.07375819280393135,0.03867064933202624,0.21280711288042978,0.4036092647684513,0.09871068436354312,0.1149302257840372,0.023994244652241585,0.0573827961852346,0.04989502203403628,0.02244309436467549,0.25398649735413364,0.2605468261083626,0.15325015555726249,0.18251339379981044,0.004363020061428907,0.07865410730694755,0.04424290544737897,0.018786272244729934,0.15825416358994893,0.20512583756481365,0.185371456087384,0.1947410093183763,0.017478894429573188,0.1160350660275186,0.1042073007376555,0.016257422478188833,0.12075166062098332,0.2597039462200833,0.1266399412053145,0.19945930792823088,0.029173389514677166,0.08667357543126847,0.16134075660125344,0.017477052059423005,0.060984140257197825,0.1981337717321193,0.16149100483599116,0.2415708643344283,0.014223404448706022,0.11618064839295313,0.18993911393918156,-1.0,1.0,-4.0,0.0,1.0,-1.0,3.0,1.0
METROPOLITANA DE SANTIAGO,BAJOS DE MENA,LICEO MUNICIPAL CHILOE LOCAL: 2,19,0,28,22,29,16,13,0,1,8,1,3,7,94,7,4,1,0,1,117,78,-1,-1,3,27,32,18,21,1,9,6,2,0.04656159901315885,0.13076244393524974,0.4413996286317461,0.11354657636601127,0.11021625285010007,0.002681661680156263,0.08107364471964638,0.07375819280393135,0.03867064933202624,0.21280711288042978,0.4036092647684513,0.09871068436354312,0.1149302257840372,0.023994244652241585,0.0573827961852346,0.04989502203403628,0.02244309436467549,0.25398649735413364,0.2605468261083626,0.15325015555726249,0.18251339379981044,0.004363020061428907,0.07865410730694755,0.04424290544737897,0.018786272244729934,0.15825416358994893,0.20512583756481365,0.185371456087384,0.1947410093183763,0.017478894429573188,0.1160350660275186,0.1042073007376555,0.016257422478188833,0.12075166062098332,0.2597039462200833,0.1266399412053145,0.19945930792823088,0.029173389514677166,0.08667357543126847,0.16134075660125344,0.017477052059423005,0.060984140257197825,0.1981337717321193,0.16149100483599116,0.2415708643344283,0.014223404448706022,0.11618064839295313,0.18993911393918156,-3.0,1.0,-10.0,11.0,-5.0,0.0,4.0,2.0
METROPOLITANA DE SANTIAGO,BAJOS DE MENA,LICEO MUNICIPAL CHILOE LOCAL: 2,20,3,19,42,27,18,5,0,0,7,0,1,6,100,7,4,3,0,0,121,78,-1,-1,3,28,32,18,22,1,10,7,3,0.04656159901315885,0.13076244393524974,0.4413996286317461,0.11354657636601127,0.11021625285010007,0.002681661680156263,0.08107364471964638,0.07375819280393135,0.03867064933202624,0.21280711288042978,0.4036092647684513,0.09871068436354312,0.1149302257840372,0.023994244652241585,0.0573827961852346,0.04989502203403628,0.02244309436467549,0.25398649735413364,0.2605468261083626,0.15325015555726249,0.18251339379981044,0.004363020061428907,0.07865410730694755,0.04424290544737897,0.018786272244729934,0.15825416358994893,0.20512583756481365,0.185371456087384,0.1947410093183763,0.017478894429573188,0.1160350660275186,0.1042073007376555,0.016257422478188833,0.12075166062098332,0.2597039462200833,0.1266399412053145,0.19945930792823088,0.029173389514677166,0.08667357543126847,0.16134075660125344,0.017477052059423005,0.060984140257197825,0.1981337717321193,0.16149100483599116,0.2415708643344283,0.014223404448706022,0.11618064839295313,0.18993911393918156,0.0,-9.0,10.0,9.0,-4.0,-1.0,-5.0,0.0
METROPOLITANA DE SANTIAGO,BAJOS DE MENA,LICEO MUNICIPAL CHILOE LOCAL: 2,21,0,36,36,15,30,12,0,0,8,0,6,7,114,4,4,1,1,0,137,78,-1,-1,3,33,38,20,24,1,11,7,2,0.04656159901315885,0.13076244393524974,0.4413996286317461,0.11354657636601127,0.11021625285010007,0.002681661680156263,0.08107364471964638,0.07375819280393135,0.03867064933202624,0.21280711288042978,0.4036092647684513,0.09871068436354312,0.1149302257840372,0.023994244652241585,0.0573827961852346,0.04989502203403628,0.02244309436467549,0.25398649735413364,0.2605468261083626,0.15325015555726249,0.18251339379981044,0.004363020061428907,0.07865410730694755,0.04424290544737897,0.018786272244729934,0.15825416358994893,0.20512583756481365,0.185371456087384,0.1947410093183763,0.017478894429573188,0.1160350660275186,0.1042073007376555,0.016257422478188833,0.12075166062098332,0.2597039462200833,0.1266399412053145,0.19945930792823088,0.029173389514677166,0.08667357543126847,0.16134075660125344,0.017477052059423005,0.060984140257197825,0.1981337717321193,0.16149100483599116,0.2415708643344283,0.014223404448706022,0.11618064839295313,0.18993911393918156,-3.0,3.0,-2.0,-5.0,6.0,-1.0,1.0,1.0
METROPOLITANA DE SANTIAGO,BAJOS DE MENA,LICEO MUNICIPAL CHILOE LOCAL: 2,22,3,25,49,18,27,9,0,2,10,2,2,13,114,3,7,1,1,1,143,78,-1,-1,3,34,39,21,26,1,11,8,3,0.04656159901315885,0.13076244393524974,0.4413996286317461,0.11354657636601127,0.11021625285010007,0.002681661680156263,0.08107364471964638,0.07375819280393135,0.03867064933202624,0.21280711288042978,0.4036092647684513,0.09871068436354312,0.1149302257840372,0.023994244652241585,0.0573827961852346,0.04989502203403628,0.02244309436467549,0.25398649735413364,0.2605468261083626,0.15325015555726249,0.18251339379981044,0.004363020061428907,0.07865410730694755,0.04424290544737897,0.018786272244729934,0.15825416358994893,0.20512583756481365,0.185371456087384,0.1947410093183763,0.017478894429573188,0.1160350660275186,0.1042073007376555,0.016257422478188833,0.12075166062098332,0.2597039462200833,0.1266399412053145,0.19945930792823088,0.029173389514677166,0.08667357543126847,0.16134075660125344,0.017477052059423005,0.060984140257197825,0.1981337717321193,0.16149100483599116,0.2415708643344283,0.014223404448706022,0.11618064839295313,0.18993911393918156,0.0,-9.0,10.0,-3.0,1.0,1.0,-2.0,2.0
METROPOLITANA DE SANTIAGO,BAJOS DE MENA,LICEO MUNICIPAL CHILOE LOCAL: 2,23,4,24,31,19,27,10,0,0,7,0,6,4,102,0,5,3,2,0,122,78,-1,-1,3,28,33,18,22,1,10,7,5,0.04656159901315885,0.13076244393524974,0.4413996286317461,0.11354657636601127,0.11021625285010007,0.002681661680156263,0.08107364471964638,0.07375819280393135,0.03867064933202624,0.21280711288042978,0.4036092647684513,0.09871068436354312,0.1149302257840372,0.023994244652241585,0.0573827961852346,0.04989502203403628,0.02244309436467549,0.25398649735413364,0.2605468261083626,0.15325015555726249,0.18251339379981044,0.004363020061428907,0.07865410730694755,0.04424290544737897,0.018786272244729934,0.15825416358994893,0.20512583756481365,0.185371456087384,0.1947410093183763,0.017478894429573188,0.1160350660275186,0.1042073007376555,0.016257422478188833,0.12075166062098332,0.2597039462200833,0.1266399412053145,0.19945930792823088,0.029173389514677166,0.08667357543126847,0.16134075660125344,0.017477052059423005,0.060984140257197825,0.1981337717321193,0.16149100483599116,0.2415708643344283,0.014223404448706022,0.11618064839295313,0.18993911393918156,1.0,-4.0,-2.0,1.0,5.0,-1.0,0.0,0.0
METROPOLITANA DE SANTIAGO,BAJOS DE MENA,LICEO MUNICIPAL CHILOE LOCAL: 2,24,6,24,32,21,19,15,0,0,7,0,3,12,98,3,4,3,1,0,124,78,-1,-1,3,29,34,18,22,1,10,7,4,0.04656159901315885,0.13076244393524974,0.4413996286317461,0.11354657636601127,0.11021625285010007,0.002681661680156263,0.08107364471964638,0.07375819280393135,0.03867064933202624,0.21280711288042978,0.4036092647684513,0.09871068436354312,0.1149302257840372,0.023994244652241585,0.0573827961852346,0.04989502203403628,0.02244309436467549,0.25398649735413364,0.2605468261083626,0.15325015555726249,0.18251339379981044,0.004363020061428907,0.07865410730694755,0.04424290544737897,0.018786272244729934,0.15825416358994893,0.20512583756481365,0.185371456087384,0.1947410093183763,0.017478894429573188,0.1160350660275186,0.1042073007376555,0.016257422478188833,0.12075166062098332,0.2597039462200833,0.1266399412053145,0.19945930792823088,0.029173389514677166,0.08667357543126847,0.16134075660125344,0.017477052059423005,0.060984140257197825,0.1981337717321193,0.16149100483599116,0.2415708643344283,0.014223404448706022,0.11618064839295313,0.18993911393918156,3.0,-5.0,-2.0,3.0,-3.0,-1.0,5.0,0.0
METROPOLITANA DE SANTIAGO,BAJOS DE MENA,LICEO MUNICIPAL CHILOE LOCAL: 2,25,5,35,36,15,19,8,0,1,6,1,5,4,106,1,6,3,0,0,125,78,-1,-1,3,29,34,19,22,1,10,7,3,0.04656159901315885,0.13076244393524974,0.4413996286317461,0.11354657636601127,0.11021625285010007,0.002681661680156263,0.08107364471964638,0.07375819280393135,0.03867064933202624,0.21280711288042978,0.4036092647684513,0.09871068436354312,0.1149302257840372,0.023994244652241585,0.0573827961852346,0.04989502203403628,0.02244309436467549,0.25398649735413364,0.2605468261083626,0.15325015555726249,0.18251339379981044,0.004363020061428907,0.07865410730694755,0.04424290544737897,0.018786272244729934,0.15825416358994893,0.20512583756481365,0.185371456087384,0.1947410093183763,0.017478894429573188,0.1160350660275186,0.1042073007376555,0.016257422478188833,0.12075166062098332,0.2597039462200833,0.1266399412053145,0.19945930792823088,0.029173389514677166,0.08667357543126847,0.16134075660125344,0.017477052059423005,0.060984140257197825,0.1981337717321193,0.16149100483599116,0.2415708643344283,0.014223404448706022,0.11618064839295313,0.18993911393918156,2.0,6.0,2.0,-4.0,-3.0,0.0,-2.0,-1.0
METROPOLITANA DE SANTIAGO,BAJOS DE MENA,LICEO MUNICIPAL CHILOE LOCAL: 2,26,4,38,22,20,23,12,0,1,8,1,2,6,109,4,4,2,0,0,128,78,-1,-1,3,31,34,19,23,1,10,7,2,0.04656159901315885,0.13076244393524974,0.4413996286317461,0.11354657636601127,0.11021625285010007,0.002681661680156263,0.08107364471964638,0.07375819280393135,0.03867064933202624,0.21280711288042978,0.4036092647684513,0.09871068436354312,0.1149302257840372,0.023994244652241585,0.0573827961852346,0.04989502203403628,0.02244309436467549,0.25398649735413364,0.2605468261083626,0.15325015555726249,0.18251339379981044,0.004363020061428907,0.07865410730694755,0.04424290544737897,0.018786272244729934,0.15825416358994893,0.20512583756481365,0.185371456087384,0.1947410093183763,0.017478894429573188,0.1160350660275186,0.1042073007376555,0.016257422478188833,0.12075166062098332,0.2597039462200833,0.1266399412053145,0.19945930792823088,0.029173389514677166,0.08667357543126847,0.16134075660125344,0.017477052059423005,0.060984140257197825,0.1981337717321193,0.16149100483599116,0.2415708643344283,0.014223404448706022,0.11618064839295313,0.18993911393918156,1.0,7.0,-12.0,1.0,0.0,0.0,2.0,1.0
METROPOLITANA DE SANTIAGO,BAJOS DE MENA,LICEO MUNICIPAL CHILOE LOCAL: 2,27,3,18,34,16,27,11,0,2,6,2,6,3,99,0,5,4,0,0,117,78,-1,-1,3,27,32,17,21,1,9,7,4,0.04656159901315885,0.13076244393524974,0.4413996286317461,0.11354657636601127,0.11021625285010007,0.002681661680156263,0.08107364471964638,0.07375819280393135,0.03867064933202624,0.21280711288042978,0.4036092647684513,0.09871068436354312,0.1149302257840372,0.023994244652241585,0.0573827961852346,0.04989502203403628,0.02244309436467549,0.25398649735413364,0.2605468261083626,0.15325015555726249,0.18251339379981044,0.004363020061428907,0.07865410730694755,0.04424290544737897,0.018786272244729934,0.15825416358994893,0.20512583756481365,0.185371456087384,0.1947410093183763,0.017478894429573188,0.1160350660275186,0.1042073007376555,0.016257422478188833,0.12075166062098332,0.2597039462200833,0.1266399412053145,0.19945930792823088,0.029173389514677166,0.08667357543126847,0.16134075660125344,0.017477052059423005,0.060984140257197825,0.1981337717321193,0.16149100483599116,0.2415708643344283,0.014223404448706022,0.11618064839295313,0.18993911393918156,0.0,-9.0,2.0,-1.0,6.0,1.0,2.0,-1.0
METROPOLITANA DE SANTIAGO,BAJOS DE MENA,LICEO MUNICIPAL CHILOE LOCAL: 2,28,5,35,34,23,10,10,1,0,8,1,3,11,98,6,4,2,1,0,126,78,-1,-1,3,30,34,19,22,1,10,7,3,0.04656159901315885,0.13076244393524974,0.4413996286317461,0.11354657636601127,0.11021625285010007,0.002681661680156263,0.08107364471964638,0.07375819280393135,0.03867064933202624,0.21280711288042978,0.4036092647684513,0.09871068436354312,0.1149302257840372,0.023994244652241585,0.0573827961852346,0.04989502203403628,0.02244309436467549,0.25398649735413364,0.2605468261083626,0.15325015555726249,0.18251339379981044,0.004363020061428907,0.07865410730694755,0.04424290544737897,0.018786272244729934,0.15825416358994893,0.20512583756481365,0.185371456087384,0.1947410093183763,0.017478894429573188,0.1160350660275186,0.1042073007376555,0.016257422478188833,0.12075166062098332,0.2597039462200833,0.1266399412053145,0.19945930792823088,0.029173389514677166,0.08667357543126847,0.16134075660125344,0.017477052059423005,0.060984140257197825,0.1981337717321193,0.16149100483599116,0.2415708643344283,0.014223404448706022,0.11618064839295313,0.18993911393918156,2.0,5.0,0.0,4.0,-12.0,0.0,0.0,1.0
METROPOLITANA DE SANTIAGO,BAJOS DE MENA,LICEO MUNICIPAL CHILOE LOCAL: 2,29,4,31,36,15,25,11,0,1,5,1,7,12,99,2,5,3,0,0,128,78,-1,-1,3,30,36,19,22,1,10,7,3,0.04656159901315885,0.13076244393524974,0.4413996286317461,0.11354657636601127,0.11021625285010007,0.002681661680156263,0.08107364471964638,0.07375819280393135,0.03867064933202624,0.21280711288042978,0.4036092647684513,0.09871068436354312,0.1149302257840372,0.023994244652241585,0.0573827961852346,0.04989502203403628,0.02244309436467549,0.25398649735413364,0.2605468261083626,0.15325015555726249,0.18251339379981044,0.004363020061428907,0.07865410730694755,0.04424290544737897,0.018786272244729934,0.15825416358994893,0.20512583756481365,0.185371456087384,0.1947410093183763,0.017478894429573188,0.1160350660275186,0.1042073007376555,0.016257422478188833,0.12075166062098332,0.2597039462200833,0.1266399412053145,0.19945930792823088,0.029173389514677166,0.08667357543126847,0.16134075660125344,0.017477052059423005,0.060984140257197825,0.1981337717321193,0.16149100483599116,0.2415708643344283,0.014223404448706022,0.11618064839295313,0.18993911393918156,1.0,1.0,0.0,-4.0,3.0,0.0,1.0,-2.0
METROPOLITANA DE SANTIAGO,BAJOS DE MENA,LICEO MUNICIPAL CHILOE LOCAL: 2,30,0,33,37,15,27,7,0,1,6,1,4,15,90,3,7,3,4,0,126,78,-1,-1,3,29,35,18,22,1,10,8,7,0.04656159901315885,0.13076244393524974,0.4413996286317461,0.11354657636601127,0.11021625285010007,0.002681661680156263,0.08107364471964638,0.07375819280393135,0.03867064933202624,0.21280711288042978,0.4036092647684513,0.09871068436354312,0.1149302257840372,0.023994244652241585,0.0573827961852346,0.04989502203403628,0.02244309436467549,0.25398649735413364,0.2605468261083626,0.15325015555726249,0.18251339379981044,0.004363020061428907,0.07865410730694755,0.04424290544737897,0.018786272244729934,0.15825416358994893,0.20512583756481365,0.185371456087384,0.1947410093183763,0.017478894429573188,0.1160350660275186,0.1042073007376555,0.016257422478188833,0.12075166062098332,0.2597039462200833,0.1266399412053145,0.19945930792823088,0.029173389514677166,0.08667357543126847,0.16134075660125344,0.017477052059423005,0.060984140257197825,0.1981337717321193,0.16149100483599116,0.2415708643344283,0.014223404448706022,0.11618064839295313,0.18993911393918156,-3.0,4.0,2.0,-3.0,5.0,0.0,-3.0,-2.0
METROPOLITANA DE SANTIAGO,BAJOS DE MENA,LICEO MUNICIPAL CHILOE LOCAL: 2,31,2,24,55,14,17,11,0,0,5,0,1,94,22,2,4,5,0,0,128,78,-1,-1,4,27,47,14,17,3,8,8,5,0.04656159901315885,0.13076244393524974,0.4413996286317461,0.11354657636601127,0.11021625285010007,0.002681661680156263,0.08107364471964638,0.07375819280393135,0.03867064933202624,0.21280711288042978,0.4036092647684513,0.09871068436354312,0.1149302257840372,0.023994244652241585,0.0573827961852346,0.04989502203403628,0.02244309436467549,0.25398649735413364,0.2605468261083626,0.15325015555726249,0.18251339379981044,0.004363020061428907,0.07865410730694755,0.04424290544737897,0.018786272244729934,0.15825416358994893,0.20512583756481365,0.185371456087384,0.1947410093183763,0.017478894429573188,0.1160350660275186,0.1042073007376555,0.016257422478188833,0.12075166062098332,0.2597039462200833,0.1266399412053145,0.19945930792823088,0.029173389514677166,0.08667357543126847,0.16134075660125344,0.017477052059423005,0.060984140257197825,0.1981337717321193,0.16149100483599116,0.2415708643344283,0.014223404448706022,0.11618064839295313,0.18993911393918156,-2.0,-3.0,8.0,0.0,0.0,-3.0,3.0,-3.0
METROPOLITANA DE SANTIAGO,BAJOS DE MENA,LICEO MUNICIPAL CHILOE LOCAL: 2,32,7,22,41,10,25,6,0,4,8,4,6,97,10,4,3,1,2,0,123,78,-1,-1,4,25,47,13,16,3,8,7,3,0.04656159901315885,0.13076244393524974,0.4413996286317461,0.11354657636601127,0.11021625285010007,0.002681661680156263,0.08107364471964638,0.07375819280393135,0.03867064933202624,0.21280711288042978,0.4036092647684513,0.09871068436354312,0.1149302257840372,0.023994244652241585,0.0573827961852346,0.04989502203403628,0.02244309436467549,0.25398649735413364,0.2605468261083626,0.15325015555726249,0.18251339379981044,0.004363020061428907,0.07865410730694755,0.04424290544737897,0.018786272244729934,0.15825416358994893,0.20512583756481365,0.185371456087384,0.1947410093183763,0.017478894429573188,0.1160350660275186,0.1042073007376555,0.016257422478188833,0.12075166062098332,0.2597039462200833,0.1266399412053145,0.19945930792823088,0.029173389514677166,0.08667357543126847,0.16134075660125344,0.017477052059423005,0.060984140257197825,0.1981337717321193,0.16149100483599116,0.2415708643344283,0.014223404448706022,0.11618064839295313,0.18993911393918156,3.0,-3.0,-6.0,-3.0,9.0,1.0,-2.0,1.0
