REGION,CIRCUNSCRIPCION ELECTORAL,LOCAL,MESA,EDUARDO ARTES,FRANCO ALDO PARISI,GABRIEL BORIC,JOSE ANTONIO KAST,MARCO ENRIQUEZ-OMINAMI,SEBASTIAN SICHEL,VOTOS EN BLANCO,VOTOS NULOS,YASNA PROVOSTE,NULO BLANCO,18-19,20-29,30-39,40-49,50-59,60-69,70-79,80+,NUM VOTOS,NUM MESAS,P-VALOR,LOG P-VALOR,E_EDUARDO ARTES,E_FRANCO ALDO PARISI,E_GABRIEL BORIC,E_JOSE ANTONIO KAST,E_MARCO ENRIQUEZ-OMINAMI,E_NULO BLANCO,E_SEBASTIAN SICHEL,E_YASNA PROVOSTE,18-29,60+,P_EDUARDO ARTES_18-29,P_FRANCO ALDO PARISI_18-29,P_GABRIEL BORIC_18-29,P_JOSE ANTONIO KAST_18-29,P_MARCO ENRIQUEZ-OMINAMI_18-29,P_NULO BLANCO_18-29,P_SEBASTIAN SICHEL_18-29,P_YASNA PROVOSTE_18-29,P_EDUARDO ARTES_30-39,P_FRANCO ALDO PARISI_30-39,P_GABRIEL BORIC_30-39,P_JOSE ANTONIO KAST_30-39,P_MARCO ENRIQUEZ-OMINAMI_30-39,P_NULO BLANCO_30-39,P_SEBASTIAN SICHEL_30-39,P_YASNA PROVOSTE_30-39,P_EDUARDO ARTES_40-49,P_FRANCO ALDO PARISI_40-49,P_GABRIEL BORIC_40-49,P_JOSE ANTONIO KAST_40-49,P_MARCO ENRIQUEZ-OMINAMI_40-49,P_NULO BLANCO_40-49,P_SEBASTIAN SICHEL_40-49,P_YASNA PROVOSTE_40-49,P_EDUARDO ARTES_50-59,P_FRANCO ALDO PARISI_50-59,P_GABRIEL BORIC_50-59,P_JOSE ANTONIO KAST_50-59,P_MARCO ENRIQUEZ-OMINAMI_50-59,P_NULO BLANCO_50-59,P_SEBASTIAN SICHEL_50-59,P_YASNA PROVOSTE_50-59,P_EDUARDO ARTES_60+,P_FRANCO ALDO PARISI_60+,P_GABRIEL BORIC_60+,P_JOSE ANTONIO KAST_60+,P_MARCO ENRIQUEZ-OMINAMI_60+,P_NULO BLANCO_60+,P_SEBASTIAN SICHEL_60+,P_YASNA PROVOSTE_60+,DIF_EDUARDO ARTES,DIF_FRANCO ALDO PARISI,DIF_GABRIEL BORIC,DIF_JOSE ANTONIO KAST,DIF_MARCO ENRIQUEZ-OMINAMI,DIF_NULO BLANCO,DIF_SEBASTIAN SICHEL,DIF_YASNA PROVOSTE
DE LOS RIOS,PANGUIPULLI,CENTRO EDUCACIONAL SAN SEBASTIAN,20V,0,13,18,41,13,13,3,4,28,7,1,12,17,55,31,8,7,2,133,75,-1,-1,1,17,22,49,11,2,12,19,13,17,0.008070317140413326,0.25168592862959105,0.26788037086552174,0.2893060122469133,0.05402208568892579,0.01365859108508769,0.07214332261799247,0.04323337172555459,0.008303771124866011,0.2423050916594878,0.19560605564806724,0.3717135815909014,0.026832013091725268,0.011672640448701633,0.08338635564661366,0.06018049078963667,0.006976310085084099,0.11967177268045898,0.12493224710221079,0.41593323210887206,0.1198670577796084,0.011700773161768359,0.06990754776506766,0.13101105931692958,0.022891324798711157,0.08428987781866033,0.1948195921085763,0.30331374328698446,0.06637690749033638,0.025489620925698078,0.11617264281735197,0.1866462907536812,0.006661233753135915,0.04861176454126349,0.12357170756910077,0.4016724325491402,0.04243655172332067,0.026902285523871666,0.12054736358992836,0.22959666075023885,-1.0,-4.0,-4.0,-8.0,2.0,5.0,1.0,9.0
DE LOS RIOS,PANGUIPULLI,CENTRO EDUCACIONAL SAN SEBASTIAN,21V,1,16,20,53,8,13,2,3,35,5,2,6,23,53,41,15,8,3,151,75,-1,-1,2,19,24,56,11,3,14,22,8,26,0.008070317140413326,0.25168592862959105,0.26788037086552174,0.2893060122469133,0.05402208568892579,0.01365859108508769,0.07214332261799247,0.04323337172555459,0.008303771124866011,0.2423050916594878,0.19560605564806724,0.3717135815909014,0.026832013091725268,0.011672640448701633,0.08338635564661366,0.06018049078963667,0.006976310085084099,0.11967177268045898,0.12493224710221079,0.41593323210887206,0.1198670577796084,0.011700773161768359,0.06990754776506766,0.13101105931692958,0.022891324798711157,0.08428987781866033,0.1948195921085763,0.30331374328698446,0.06637690749033638,0.025489620925698078,0.11617264281735197,0.1866462907536812,0.006661233753135915,0.04861176454126349,0.12357170756910077,0.4016724325491402,0.04243655172332067,0.026902285523871666,0.12054736358992836,0.22959666075023885,-1.0,-3.0,-4.0,-3.0,-3.0,2.0,-1.0,13.0
DE LOS RIOS,PANGUIPULLI,CENTRO EDUCACIONAL SAN SEBASTIAN,22V,0,20,35,42,8,14,2,2,19,4,5,19,14,47,31,18,7,1,142,75,-1,-1,1,19,24,52,10,3,13,20,24,26,0.008070317140413326,0.25168592862959105,0.26788037086552174,0.2893060122469133,0.05402208568892579,0.01365859108508769,0.07214332261799247,0.04323337172555459,0.008303771124866011,0.2423050916594878,0.19560605564806724,0.3717135815909014,0.026832013091725268,0.011672640448701633,0.08338635564661366,0.06018049078963667,0.006976310085084099,0.11967177268045898,0.12493224710221079,0.41593323210887206,0.1198670577796084,0.011700773161768359,0.06990754776506766,0.13101105931692958,0.022891324798711157,0.08428987781866033,0.1948195921085763,0.30331374328698446,0.06637690749033638,0.025489620925698078,0.11617264281735197,0.1866462907536812,0.006661233753135915,0.04861176454126349,0.12357170756910077,0.4016724325491402,0.04243655172332067,0.026902285523871666,0.12054736358992836,0.22959666075023885,-1.0,1.0,11.0,-10.0,-2.0,1.0,1.0,-1.0
DE LOS RIOS,PANGUIPULLI,CENTRO EDUCACIONAL SAN SEBASTIAN,23V,2,19,19,66,9,9,1,2,20,3,2,11,25,66,23,14,6,0,147,75,-1,-1,1,20,24,55,12,2,13,20,13,20,0.008070317140413326,0.25168592862959105,0.26788037086552174,0.2893060122469133,0.05402208568892579,0.01365859108508769,0.07214332261799247,0.04323337172555459,0.008303771124866011,0.2423050916594878,0.19560605564806724,0.3717135815909014,0.026832013091725268,0.011672640448701633,0.08338635564661366,0.06018049078963667,0.006976310085084099,0.11967177268045898,0.12493224710221079,0.41593323210887206,0.1198670577796084,0.011700773161768359,0.06990754776506766,0.13101105931692958,0.022891324798711157,0.08428987781866033,0.1948195921085763,0.30331374328698446,0.06637690749033638,0.025489620925698078,0.11617264281735197,0.1866462907536812,0.006661233753135915,0.04861176454126349,0.12357170756910077,0.4016724325491402,0.04243655172332067,0.026902285523871666,0.12054736358992836,0.22959666075023885,1.0,-1.0,-5.0,11.0,-3.0,1.0,-4.0,0.0
DE LOS RIOS,PANGUIPULLI,CENTRO EDUCACIONAL SAN SEBASTIAN,24V,1,23,15,52,6,9,1,5,23,6,3,6,35,45,18,19,6,3,135,75,-1,-1,2,19,22,51,9,2,12,18,9,28,0.008070317140413326,0.25168592862959105,0.26788037086552174,0.2893060122469133,0.05402208568892579,0.01365859108508769,0.07214332261799247,0.04323337172555459,0.008303771124866011,0.2423050916594878,0.19560605564806724,0.3717135815909014,0.026832013091725268,0.011672640448701633,0.08338635564661366,0.06018049078963667,0.006976310085084099,0.11967177268045898,0.12493224710221079,0.41593323210887206,0.1198670577796084,0.011700773161768359,0.06990754776506766,0.13101105931692958,0.022891324798711157,0.08428987781866033,0.1948195921085763,0.30331374328698446,0.06637690749033638,0.025489620925698078,0.11617264281735197,0.1866462907536812,0.006661233753135915,0.04861176454126349,0.12357170756910077,0.4016724325491402,0.04243655172332067,0.026902285523871666,0.12054736358992836,0.22959666075023885,-1.0,4.0,-7.0,1.0,-3.0,4.0,-3.0,5.0
DE LOS RIOS,PANGUIPULLI,CENTRO EDUCACIONAL SAN SEBASTIAN,25V,3,20,31,54,12,10,0,1,20,1,2,8,34,49,25,19,11,3,151,75,-1,-1,2,20,24,57,10,3,14,21,10,33,0.008070317140413326,0.25168592862959105,0.26788037086552174,0.2893060122469133,0.05402208568892579,0.01365859108508769,0.07214332261799247,0.04323337172555459,0.008303771124866011,0.2423050916594878,0.19560605564806724,0.3717135815909014,0.026832013091725268,0.011672640448701633,0.08338635564661366,0.06018049078963667,0.006976310085084099,0.11967177268045898,0.12493224710221079,0.41593323210887206,0.1198670577796084,0.011700773161768359,0.06990754776506766,0.13101105931692958,0.022891324798711157,0.08428987781866033,0.1948195921085763,0.30331374328698446,0.06637690749033638,0.025489620925698078,0.11617264281735197,0.1866462907536812,0.006661233753135915,0.04861176454126349,0.12357170756910077,0.4016724325491402,0.04243655172332067,0.026902285523871666,0.12054736358992836,0.22959666075023885,1.0,0.0,7.0,-3.0,2.0,-2.0,-4.0,-1.0
DE LOS RIOS,PANGUIPULLI,CENTRO EDUCACIONAL SAN SEBASTIAN,26V,4,19,29,60,13,16,0,1,20,1,5,9,43,34,32,24,11,4,162,75,-1,-1,2,23,27,59,10,3,15,23,14,39,0.008070317140413326,0.25168592862959105,0.26788037086552174,0.2893060122469133,0.05402208568892579,0.01365859108508769,0.07214332261799247,0.04323337172555459,0.008303771124866011,0.2423050916594878,0.19560605564806724,0.3717135815909014,0.026832013091725268,0.011672640448701633,0.08338635564661366,0.06018049078963667,0.006976310085084099,0.11967177268045898,0.12493224710221079,0.41593323210887206,0.1198670577796084,0.011700773161768359,0.06990754776506766,0.13101105931692958,0.022891324798711157,0.08428987781866033,0.1948195921085763,0.30331374328698446,0.06637690749033638,0.025489620925698078,0.11617264281735197,0.1866462907536812,0.006661233753135915,0.04861176454126349,0.12357170756910077,0.4016724325491402,0.04243655172332067,0.026902285523871666,0.12054736358992836,0.22959666075023885,2.0,-4.0,2.0,1.0,3.0,-2.0,1.0,-3.0
DE LOS RIOS,PANGUIPULLI,CENTRO EDUCACIONAL SAN SEBASTIAN,27V,1,23,25,65,9,19,0,1,20,1,2,14,51,36,25,21,14,0,163,75,-1,-1,2,24,28,60,10,3,15,21,16,35,0.008070317140413326,0.25168592862959105,0.26788037086552174,0.2893060122469133,0.05402208568892579,0.01365859108508769,0.07214332261799247,0.04323337172555459,0.008303771124866011,0.2423050916594878,0.19560605564806724,0.3717135815909014,0.026832013091725268,0.011672640448701633,0.08338635564661366,0.06018049078963667,0.006976310085084099,0.11967177268045898,0.12493224710221079,0.41593323210887206,0.1198670577796084,0.011700773161768359,0.06990754776506766,0.13101105931692958,0.022891324798711157,0.08428987781866033,0.1948195921085763,0.30331374328698446,0.06637690749033638,0.025489620925698078,0.11617264281735197,0.1866462907536812,0.006661233753135915,0.04861176454126349,0.12357170756910077,0.4016724325491402,0.04243655172332067,0.026902285523871666,0.12054736358992836,0.22959666075023885,-1.0,-1.0,-3.0,5.0,-1.0,-2.0,4.0,-1.0
DE LOS RIOS,PANGUIPULLI,CENTRO EDUCACIONAL SAN SEBASTIAN,28V,0,26,38,70,9,17,0,1,18,1,2,17,49,32,42,20,16,1,179,75,-1,-1,2,26,31,65,11,3,17,24,19,37,0.008070317140413326,0.25168592862959105,0.26788037086552174,0.2893060122469133,0.05402208568892579,0.01365859108508769,0.07214332261799247,0.04323337172555459,0.008303771124866011,0.2423050916594878,0.19560605564806724,0.3717135815909014,0.026832013091725268,0.011672640448701633,0.08338635564661366,0.06018049078963667,0.006976310085084099,0.11967177268045898,0.12493224710221079,0.41593323210887206,0.1198670577796084,0.011700773161768359,0.06990754776506766,0.13101105931692958,0.022891324798711157,0.08428987781866033,0.1948195921085763,0.30331374328698446,0.06637690749033638,0.025489620925698078,0.11617264281735197,0.1866462907536812,0.006661233753135915,0.04861176454126349,0.12357170756910077,0.4016724325491402,0.04243655172332067,0.026902285523871666,0.12054736358992836,0.22959666075023885,-2.0,0.0,7.0,5.0,-2.0,-2.0,0.0,-6.0
DE LOS RIOS,PANGUIPULLI,CENTRO EDUCACIONAL SAN SEBASTIAN,29V,0,19,26,44,7,11,0,0,16,0,3,14,62,17,13,10,2,2,123,75,-1,-1,1,23,23,45,6,2,11,12,17,14,0.008070317140413326,0.25168592862959105,0.26788037086552174,0.2893060122469133,0.05402208568892579,0.01365859108508769,0.07214332261799247,0.04323337172555459,0.008303771124866011,0.2423050916594878,0.19560605564806724,0.3717135815909014,0.026832013091725268,0.011672640448701633,0.08338635564661366,0.06018049078963667,0.006976310085084099,0.11967177268045898,0.12493224710221079,0.41593323210887206,0.1198670577796084,0.011700773161768359,0.06990754776506766,0.13101105931692958,0.022891324798711157,0.08428987781866033,0.1948195921085763,0.30331374328698446,0.06637690749033638,0.025489620925698078,0.11617264281735197,0.1866462907536812,0.006661233753135915,0.04861176454126349,0.12357170756910077,0.4016724325491402,0.04243655172332067,0.026902285523871666,0.12054736358992836,0.22959666075023885,-1.0,-4.0,3.0,-1.0,1.0,-2.0,0.0,4.0
DE LOS RIOS,PANGUIPULLI,CENTRO EDUCACIONAL SAN SEBASTIAN,30,1,16,13,36,8,6,0,0,9,0,1,20,9,49,4,5,1,0,89,75,-1,-1,1,14,15,33,8,1,7,10,21,6,0.008070317140413326,0.25168592862959105,0.26788037086552174,0.2893060122469133,0.05402208568892579,0.01365859108508769,0.07214332261799247,0.04323337172555459,0.008303771124866011,0.2423050916594878,0.19560605564806724,0.3717135815909014,0.026832013091725268,0.011672640448701633,0.08338635564661366,0.06018049078963667,0.006976310085084099,0.11967177268045898,0.12493224710221079,0.41593323210887206,0.1198670577796084,0.011700773161768359,0.06990754776506766,0.13101105931692958,0.022891324798711157,0.08428987781866033,0.1948195921085763,0.30331374328698446,0.06637690749033638,0.025489620925698078,0.11617264281735197,0.1866462907536812,0.006661233753135915,0.04861176454126349,0.12357170756910077,0.4016724325491402,0.04243655172332067,0.026902285523871666,0.12054736358992836,0.22959666075023885,0.0,2.0,-2.0,3.0,0.0,-1.0,-1.0,-1.0
DE LOS RIOS,PANGUIPULLI,CENTRO EDUCACIONAL SAN SEBASTIAN,31,0,12,13,24,6,2,0,1,3,1,5,15,11,28,2,0,0,0,61,75,-1,-1,0,11,11,22,5,1,5,6,20,0,0.008070317140413326,0.25168592862959105,0.26788037086552174,0.2893060122469133,0.05402208568892579,0.01365859108508769,0.07214332261799247,0.04323337172555459,0.008303771124866011,0.2423050916594878,0.19560605564806724,0.3717135815909014,0.026832013091725268,0.011672640448701633,0.08338635564661366,0.06018049078963667,0.006976310085084099,0.11967177268045898,0.12493224710221079,0.41593323210887206,0.1198670577796084,0.011700773161768359,0.06990754776506766,0.13101105931692958,0.022891324798711157,0.08428987781866033,0.1948195921085763,0.30331374328698446,0.06637690749033638,0.025489620925698078,0.11617264281735197,0.1866462907536812,0.006661233753135915,0.04861176454126349,0.12357170756910077,0.4016724325491402,0.04243655172332067,0.026902285523871666,0.12054736358992836,0.22959666075023885,0.0,1.0,2.0,2.0,1.0,0.0,-3.0,-3.0
DE LOS RIOS,PANGUIPULLI,CENTRO EDUCACIONAL SAN SEBASTIAN,32,1,13,19,30,4,6,0,2,9,2,6,23,34,14,4,2,1,0,84,75,-1,-1,1,18,17,29,4,1,7,7,29,3,0.008070317140413326,0.25168592862959105,0.26788037086552174,0.2893060122469133,0.05402208568892579,0.01365859108508769,0.07214332261799247,0.04323337172555459,0.008303771124866011,0.2423050916594878,0.19560605564806724,0.3717135815909014,0.026832013091725268,0.011672640448701633,0.08338635564661366,0.06018049078963667,0.006976310085084099,0.11967177268045898,0.12493224710221079,0.41593323210887206,0.1198670577796084,0.011700773161768359,0.06990754776506766,0.13101105931692958,0.022891324798711157,0.08428987781866033,0.1948195921085763,0.30331374328698446,0.06637690749033638,0.025489620925698078,0.11617264281735197,0.1866462907536812,0.006661233753135915,0.04861176454126349,0.12357170756910077,0.4016724325491402,0.04243655172332067,0.026902285523871666,0.12054736358992836,0.22959666075023885,0.0,-5.0,2.0,1.0,0.0,1.0,-1.0,2.0
DE LOS RIOS,PANGUIPULLI,CENTRO EDUCACIONAL SAN SEBASTIAN,33,0,25,16,31,4,10,1,0,8,1,4,17,52,13,5,3,1,0,95,75,-1,-1,1,20,19,34,4,1,8,8,21,4,0.008070317140413326,0.25168592862959105,0.26788037086552174,0.2893060122469133,0.05402208568892579,0.01365859108508769,0.07214332261799247,0.04323337172555459,0.008303771124866011,0.2423050916594878,0.19560605564806724,0.3717135815909014,0.026832013091725268,0.011672640448701633,0.08338635564661366,0.06018049078963667,0.006976310085084099,0.11967177268045898,0.12493224710221079,0.41593323210887206,0.1198670577796084,0.011700773161768359,0.06990754776506766,0.13101105931692958,0.022891324798711157,0.08428987781866033,0.1948195921085763,0.30331374328698446,0.06637690749033638,0.025489620925698078,0.11617264281735197,0.1866462907536812,0.006661233753135915,0.04861176454126349,0.12357170756910077,0.4016724325491402,0.04243655172332067,0.026902285523871666,0.12054736358992836,0.22959666075023885,-1.0,5.0,-3.0,-3.0,0.0,0.0,2.0,0.0
DE LOS RIOS,PANGUIPULLI,CENTRO EDUCACIONAL SAN SEBASTIAN,34,1,21,23,39,4,4,1,1,5,2,3,25,53,8,4,4,1,1,99,75,-1,-1,1,22,20,35,4,1,8,8,28,6,0.008070317140413326,0.25168592862959105,0.26788037086552174,0.2893060122469133,0.05402208568892579,0.01365859108508769,0.07214332261799247,0.04323337172555459,0.008303771124866011,0.2423050916594878,0.19560605564806724,0.3717135815909014,0.026832013091725268,0.011672640448701633,0.08338635564661366,0.06018049078963667,0.006976310085084099,0.11967177268045898,0.12493224710221079,0.41593323210887206,0.1198670577796084,0.011700773161768359,0.06990754776506766,0.13101105931692958,0.022891324798711157,0.08428987781866033,0.1948195921085763,0.30331374328698446,0.06637690749033638,0.025489620925698078,0.11617264281735197,0.1866462907536812,0.006661233753135915,0.04861176454126349,0.12357170756910077,0.4016724325491402,0.04243655172332067,0.026902285523871666,0.12054736358992836,0.22959666075023885,0.0,-1.0,3.0,4.0,0.0,1.0,-4.0,-3.0
DE LOS RIOS,PANGUIPULLI,CENTRO EDUCATIVO FERNANDO SANTIVAN,10M,2,16,18,43,6,10,0,0,20,0,4,7,6,10,29,36,19,4,115,75,-1,-1,1,11,18,42,6,3,13,21,11,59,0.008070317140413326,0.25168592862959105,0.26788037086552174,0.2893060122469133,0.05402208568892579,0.01365859108508769,0.07214332261799247,0.04323337172555459,0.008303771124866011,0.2423050916594878,0.19560605564806724,0.3717135815909014,0.026832013091725268,0.011672640448701633,0.08338635564661366,0.06018049078963667,0.006976310085084099,0.11967177268045898,0.12493224710221079,0.41593323210887206,0.1198670577796084,0.011700773161768359,0.06990754776506766,0.13101105931692958,0.022891324798711157,0.08428987781866033,0.1948195921085763,0.30331374328698446,0.06637690749033638,0.025489620925698078,0.11617264281735197,0.1866462907536812,0.006661233753135915,0.04861176454126349,0.12357170756910077,0.4016724325491402,0.04243655172332067,0.026902285523871666,0.12054736358992836,0.22959666075023885,1.0,5.0,0.0,1.0,0.0,-3.0,-3.0,-1.0
DE LOS RIOS,PANGUIPULLI,CENTRO EDUCATIVO FERNANDO SANTIVAN,11M,1,12,24,43,3,14,2,0,19,2,2,12,12,4,29,32,18,9,118,75,-1,-1,1,12,19,43,6,3,13,21,14,59,0.008070317140413326,0.25168592862959105,0.26788037086552174,0.2893060122469133,0.05402208568892579,0.01365859108508769,0.07214332261799247,0.04323337172555459,0.008303771124866011,0.2423050916594878,0.19560605564806724,0.3717135815909014,0.026832013091725268,0.011672640448701633,0.08338635564661366,0.06018049078963667,0.006976310085084099,0.11967177268045898,0.12493224710221079,0.41593323210887206,0.1198670577796084,0.011700773161768359,0.06990754776506766,0.13101105931692958,0.022891324798711157,0.08428987781866033,0.1948195921085763,0.30331374328698446,0.06637690749033638,0.025489620925698078,0.11617264281735197,0.1866462907536812,0.006661233753135915,0.04861176454126349,0.12357170756910077,0.4016724325491402,0.04243655172332067,0.026902285523871666,0.12054736358992836,0.22959666075023885,0.0,0.0,5.0,0.0,-3.0,-1.0,1.0,-2.0
DE LOS RIOS,PANGUIPULLI,CENTRO EDUCATIVO FERNANDO SANTIVAN,12M,0,5,13,47,4,13,0,1,27,1,2,10,7,7,37,34,8,5,110,75,-1,-1,1,11,18,39,6,3,12,20,12,47,0.008070317140413326,0.25168592862959105,0.26788037086552174,0.2893060122469133,0.05402208568892579,0.01365859108508769,0.07214332261799247,0.04323337172555459,0.008303771124866011,0.2423050916594878,0.19560605564806724,0.3717135815909014,0.026832013091725268,0.011672640448701633,0.08338635564661366,0.06018049078963667,0.006976310085084099,0.11967177268045898,0.12493224710221079,0.41593323210887206,0.1198670577796084,0.011700773161768359,0.06990754776506766,0.13101105931692958,0.022891324798711157,0.08428987781866033,0.1948195921085763,0.30331374328698446,0.06637690749033638,0.025489620925698078,0.11617264281735197,0.1866462907536812,0.006661233753135915,0.04861176454126349,0.12357170756910077,0.4016724325491402,0.04243655172332067,0.026902285523871666,0.12054736358992836,0.22959666075023885,-1.0,-6.0,-5.0,8.0,-2.0,-2.0,1.0,7.0
DE LOS RIOS,PANGUIPULLI,CENTRO EDUCATIVO FERNANDO SANTIVAN,13M,3,12,18,47,13,22,1,0,24,1,7,9,4,8,41,46,21,4,140,75,-1,-1,2,13,23,50,8,3,15,26,16,71,0.008070317140413326,0.25168592862959105,0.26788037086552174,0.2893060122469133,0.05402208568892579,0.01365859108508769,0.07214332261799247,0.04323337172555459,0.008303771124866011,0.2423050916594878,0.19560605564806724,0.3717135815909014,0.026832013091725268,0.011672640448701633,0.08338635564661366,0.06018049078963667,0.006976310085084099,0.11967177268045898,0.12493224710221079,0.41593323210887206,0.1198670577796084,0.011700773161768359,0.06990754776506766,0.13101105931692958,0.022891324798711157,0.08428987781866033,0.1948195921085763,0.30331374328698446,0.06637690749033638,0.025489620925698078,0.11617264281735197,0.1866462907536812,0.006661233753135915,0.04861176454126349,0.12357170756910077,0.4016724325491402,0.04243655172332067,0.026902285523871666,0.12054736358992836,0.22959666075023885,1.0,-1.0,-5.0,-3.0,5.0,-2.0,7.0,-2.0
DE LOS RIOS,PANGUIPULLI,CENTRO EDUCATIVO FERNANDO SANTIVAN,14M,4,16,21,49,8,14,0,3,32,3,4,15,6,6,61,30,19,6,147,75,-1,-1,2,15,26,51,8,3,16,26,19,55,0.008070317140413326,0.25168592862959105,0.26788037086552174,0.2893060122469133,0.05402208568892579,0.01365859108508769,0.07214332261799247,0.04323337172555459,0.008303771124866011,0.2423050916594878,0.19560605564806724,0.3717135815909014,0.026832013091725268,0.011672640448701633,0.08338635564661366,0.06018049078963667,0.006976310085084099,0.11967177268045898,0.12493224710221079,0.41593323210887206,0.1198670577796084,0.011700773161768359,0.06990754776506766,0.13101105931692958,0.022891324798711157,0.08428987781866033,0.1948195921085763,0.30331374328698446,0.06637690749033638,0.025489620925698078,0.11617264281735197,0.1866462907536812,0.006661233753135915,0.04861176454126349,0.12357170756910077,0.4016724325491402,0.04243655172332067,0.026902285523871666,0.12054736358992836,0.22959666075023885,2.0,1.0,-5.0,-2.0,0.0,0.0,-2.0,6.0
DE LOS RIOS,PANGUIPULLI,CENTRO EDUCATIVO FERNANDO SANTIVAN,15M,1,13,19,63,9,13,0,0,21,0,2,17,5,14,42,35,18,6,139,75,-1,-1,2,14,23,50,8,3,15,24,19,59,0.008070317140413326,0.25168592862959105,0.26788037086552174,0.2893060122469133,0.05402208568892579,0.01365859108508769,0.07214332261799247,0.04323337172555459,0.008303771124866011,0.2423050916594878,0.19560605564806724,0.3717135815909014,0.026832013091725268,0.011672640448701633,0.08338635564661366,0.06018049078963667,0.006976310085084099,0.11967177268045898,0.12493224710221079,0.41593323210887206,0.1198670577796084,0.011700773161768359,0.06990754776506766,0.13101105931692958,0.022891324798711157,0.08428987781866033,0.1948195921085763,0.30331374328698446,0.06637690749033638,0.025489620925698078,0.11617264281735197,0.1866462907536812,0.006661233753135915,0.04861176454126349,0.12357170756910077,0.4016724325491402,0.04243655172332067,0.026902285523871666,0.12054736358992836,0.22959666075023885,-1.0,-1.0,-4.0,13.0,1.0,-3.0,-2.0,-3.0
DE LOS RIOS,PANGUIPULLI,CENTRO EDUCATIVO FERNANDO SANTIVAN,1M,3,8,15,33,5,14,0,3,16,3,7,20,7,5,7,18,26,7,97,75,-1,-1,1,12,17,35,5,2,10,15,27,51,0.008070317140413326,0.25168592862959105,0.26788037086552174,0.2893060122469133,0.05402208568892579,0.01365859108508769,0.07214332261799247,0.04323337172555459,0.008303771124866011,0.2423050916594878,0.19560605564806724,0.3717135815909014,0.026832013091725268,0.011672640448701633,0.08338635564661366,0.06018049078963667,0.006976310085084099,0.11967177268045898,0.12493224710221079,0.41593323210887206,0.1198670577796084,0.011700773161768359,0.06990754776506766,0.13101105931692958,0.022891324798711157,0.08428987781866033,0.1948195921085763,0.30331374328698446,0.06637690749033638,0.025489620925698078,0.11617264281735197,0.1866462907536812,0.006661233753135915,0.04861176454126349,0.12357170756910077,0.4016724325491402,0.04243655172332067,0.026902285523871666,0.12054736358992836,0.22959666075023885,2.0,-4.0,-2.0,-2.0,0.0,1.0,4.0,1.0
DE LOS RIOS,PANGUIPULLI,CENTRO EDUCATIVO FERNANDO SANTIVAN,2M,1,14,18,35,5,12,0,2,15,2,5,10,6,4,18,26,24,9,102,75,-1,-1,1,10,17,37,5,2,11,19,15,59,0.008070317140413326,0.25168592862959105,0.26788037086552174,0.2893060122469133,0.05402208568892579,0.01365859108508769,0.07214332261799247,0.04323337172555459,0.008303771124866011,0.2423050916594878,0.19560605564806724,0.3717135815909014,0.026832013091725268,0.011672640448701633,0.08338635564661366,0.06018049078963667,0.006976310085084099,0.11967177268045898,0.12493224710221079,0.41593323210887206,0.1198670577796084,0.011700773161768359,0.06990754776506766,0.13101105931692958,0.022891324798711157,0.08428987781866033,0.1948195921085763,0.30331374328698446,0.06637690749033638,0.025489620925698078,0.11617264281735197,0.1866462907536812,0.006661233753135915,0.04861176454126349,0.12357170756910077,0.4016724325491402,0.04243655172332067,0.026902285523871666,0.12054736358992836,0.22959666075023885,0.0,4.0,1.0,-2.0,0.0,0.0,1.0,-4.0
DE LOS RIOS,PANGUIPULLI,CENTRO EDUCATIVO FERNANDO SANTIVAN,3M,0,13,14,41,5,11,0,3,23,3,4,6,1,4,20,39,25,11,110,75,-1,-1,1,9,16,41,6,3,12,22,10,75,0.008070317140413326,0.25168592862959105,0.26788037086552174,0.2893060122469133,0.05402208568892579,0.01365859108508769,0.07214332261799247,0.04323337172555459,0.008303771124866011,0.2423050916594878,0.19560605564806724,0.3717135815909014,0.026832013091725268,0.011672640448701633,0.08338635564661366,0.06018049078963667,0.006976310085084099,0.11967177268045898,0.12493224710221079,0.41593323210887206,0.1198670577796084,0.011700773161768359,0.06990754776506766,0.13101105931692958,0.022891324798711157,0.08428987781866033,0.1948195921085763,0.30331374328698446,0.06637690749033638,0.025489620925698078,0.11617264281735197,0.1866462907536812,0.006661233753135915,0.04861176454126349,0.12357170756910077,0.4016724325491402,0.04243655172332067,0.026902285523871666,0.12054736358992836,0.22959666075023885,-1.0,4.0,-2.0,0.0,-1.0,0.0,-1.0,1.0
DE LOS RIOS,PANGUIPULLI,CENTRO EDUCATIVO FERNANDO SANTIVAN,4M,1,7,18,39,9,6,0,1,17,1,1,9,10,3,16,39,13,7,98,75,-1,-1,1,10,15,36,5,2,11,18,10,59,0.008070317140413326,0.25168592862959105,0.26788037086552174,0.2893060122469133,0.05402208568892579,0.01365859108508769,0.07214332261799247,0.04323337172555459,0.008303771124866011,0.2423050916594878,0.19560605564806724,0.3717135815909014,0.026832013091725268,0.011672640448701633,0.08338635564661366,0.06018049078963667,0.006976310085084099,0.11967177268045898,0.12493224710221079,0.41593323210887206,0.1198670577796084,0.011700773161768359,0.06990754776506766,0.13101105931692958,0.022891324798711157,0.08428987781866033,0.1948195921085763,0.30331374328698446,0.06637690749033638,0.025489620925698078,0.11617264281735197,0.1866462907536812,0.006661233753135915,0.04861176454126349,0.12357170756910077,0.4016724325491402,0.04243655172332067,0.026902285523871666,0.12054736358992836,0.22959666075023885,0.0,-3.0,3.0,3.0,4.0,-1.0,-5.0,-1.0
DE LOS RIOS,PANGUIPULLI,CENTRO EDUCATIVO FERNANDO SANTIVAN,5M,0,10,14,40,10,15,0,3,27,3,1,8,3,10,27,40,26,4,119,75,-1,-1,1,10,18,44,7,3,13,23,9,70,0.008070317140413326,0.25168592862959105,0.26788037086552174,0.2893060122469133,0.05402208568892579,0.01365859108508769,0.07214332261799247,0.04323337172555459,0.008303771124866011,0.2423050916594878,0.19560605564806724,0.3717135815909014,0.026832013091725268,0.011672640448701633,0.08338635564661366,0.06018049078963667,0.006976310085084099,0.11967177268045898,0.12493224710221079,0.41593323210887206,0.1198670577796084,0.011700773161768359,0.06990754776506766,0.13101105931692958,0.022891324798711157,0.08428987781866033,0.1948195921085763,0.30331374328698446,0.06637690749033638,0.025489620925698078,0.11617264281735197,0.1866462907536812,0.006661233753135915,0.04861176454126349,0.12357170756910077,0.4016724325491402,0.04243655172332067,0.026902285523871666,0.12054736358992836,0.22959666075023885,-1.0,0.0,-4.0,-4.0,3.0,0.0,2.0,4.0
DE LOS RIOS,PANGUIPULLI,CENTRO EDUCATIVO FERNANDO SANTIVAN,6M,1,13,27,44,3,14,3,3,18,6,4,8,9,2,30,43,24,6,126,75,-1,-1,1,12,20,46,6,3,14,24,12,73,0.008070317140413326,0.25168592862959105,0.26788037086552174,0.2893060122469133,0.05402208568892579,0.01365859108508769,0.07214332261799247,0.04323337172555459,0.008303771124866011,0.2423050916594878,0.19560605564806724,0.3717135815909014,0.026832013091725268,0.011672640448701633,0.08338635564661366,0.06018049078963667,0.006976310085084099,0.11967177268045898,0.12493224710221079,0.41593323210887206,0.1198670577796084,0.011700773161768359,0.06990754776506766,0.13101105931692958,0.022891324798711157,0.08428987781866033,0.1948195921085763,0.30331374328698446,0.06637690749033638,0.025489620925698078,0.11617264281735197,0.1866462907536812,0.006661233753135915,0.04861176454126349,0.12357170756910077,0.4016724325491402,0.04243655172332067,0.026902285523871666,0.12054736358992836,0.22959666075023885,0.0,1.0,7.0,-2.0,-3.0,3.0,0.0,-6.0
DE LOS RIOS,PANGUIPULLI,CENTRO EDUCATIVO FERNANDO SANTIVAN,7M,1,14,21,43,12,18,2,2,19,4,6,11,6,11,37,27,25,9,132,75,-1,-1,2,13,22,47,7,3,14,24,17,61,0.008070317140413326,0.25168592862959105,0.26788037086552174,0.2893060122469133,0.05402208568892579,0.01365859108508769,0.07214332261799247,0.04323337172555459,0.008303771124866011,0.2423050916594878,0.19560605564806724,0.3717135815909014,0.026832013091725268,0.011672640448701633,0.08338635564661366,0.06018049078963667,0.006976310085084099,0.11967177268045898,0.12493224710221079,0.41593323210887206,0.1198670577796084,0.011700773161768359,0.06990754776506766,0.13101105931692958,0.022891324798711157,0.08428987781866033,0.1948195921085763,0.30331374328698446,0.06637690749033638,0.025489620925698078,0.11617264281735197,0.1866462907536812,0.006661233753135915,0.04861176454126349,0.12357170756910077,0.4016724325491402,0.04243655172332067,0.026902285523871666,0.12054736358992836,0.22959666075023885,-1.0,1.0,-1.0,-4.0,5.0,1.0,4.0,-5.0
DE LOS RIOS,PANGUIPULLI,CENTRO EDUCATIVO FERNANDO SANTIVAN,8M,0,16,10,38,6,12,1,2,20,3,5,10,5,7,31,29,13,5,105,75,-1,-1,1,11,18,37,6,2,11,19,15,47,0.008070317140413326,0.25168592862959105,0.26788037086552174,0.2893060122469133,0.05402208568892579,0.01365859108508769,0.07214332261799247,0.04323337172555459,0.008303771124866011,0.2423050916594878,0.19560605564806724,0.3717135815909014,0.026832013091725268,0.011672640448701633,0.08338635564661366,0.06018049078963667,0.006976310085084099,0.11967177268045898,0.12493224710221079,0.41593323210887206,0.1198670577796084,0.011700773161768359,0.06990754776506766,0.13101105931692958,0.022891324798711157,0.08428987781866033,0.1948195921085763,0.30331374328698446,0.06637690749033638,0.025489620925698078,0.11617264281735197,0.1866462907536812,0.006661233753135915,0.04861176454126349,0.12357170756910077,0.4016724325491402,0.04243655172332067,0.026902285523871666,0.12054736358992836,0.22959666075023885,-1.0,5.0,-8.0,1.0,0.0,1.0,1.0,1.0
DE LOS RIOS,PANGUIPULLI,CENTRO EDUCATIVO FERNANDO SANTIVAN,9M,1,5,22,47,6,11,1,2,18,3,1,10,9,9,33,32,13,6,113,75,-1,-1,1,11,19,41,6,3,12,20,11,51,0.008070317140413326,0.25168592862959105,0.26788037086552174,0.2893060122469133,0.05402208568892579,0.01365859108508769,0.07214332261799247,0.04323337172555459,0.008303771124866011,0.2423050916594878,0.19560605564806724,0.3717135815909014,0.026832013091725268,0.011672640448701633,0.08338635564661366,0.06018049078963667,0.006976310085084099,0.11967177268045898,0.12493224710221079,0.41593323210887206,0.1198670577796084,0.011700773161768359,0.06990754776506766,0.13101105931692958,0.022891324798711157,0.08428987781866033,0.1948195921085763,0.30331374328698446,0.06637690749033638,0.025489620925698078,0.11617264281735197,0.1866462907536812,0.006661233753135915,0.04861176454126349,0.12357170756910077,0.4016724325491402,0.04243655172332067,0.026902285523871666,0.12054736358992836,0.22959666075023885,0.0,-6.0,3.0,6.0,0.0,0.0,-1.0,-2.0
DE LOS RIOS,PANGUIPULLI,ESCUELA MANUEL ANABALON SAEZ,35,0,27,12,41,5,14,2,0,9,2,6,16,70,6,5,6,1,0,110,75,-1,-1,1,24,22,39,4,2,9,9,22,7,0.008070317140413326,0.25168592862959105,0.26788037086552174,0.2893060122469133,0.05402208568892579,0.01365859108508769,0.07214332261799247,0.04323337172555459,0.008303771124866011,0.2423050916594878,0.19560605564806724,0.3717135815909014,0.026832013091725268,0.011672640448701633,0.08338635564661366,0.06018049078963667,0.006976310085084099,0.11967177268045898,0.12493224710221079,0.41593323210887206,0.1198670577796084,0.011700773161768359,0.06990754776506766,0.13101105931692958,0.022891324798711157,0.08428987781866033,0.1948195921085763,0.30331374328698446,0.06637690749033638,0.025489620925698078,0.11617264281735197,0.1866462907536812,0.006661233753135915,0.04861176454126349,0.12357170756910077,0.4016724325491402,0.04243655172332067,0.026902285523871666,0.12054736358992836,0.22959666075023885,-1.0,3.0,-10.0,2.0,1.0,0.0,5.0,0.0
DE LOS RIOS,PANGUIPULLI,ESCUELA MANUEL ANABALON SAEZ,36,1,23,21,36,8,2,1,0,8,1,3,15,64,8,6,3,0,1,100,75,-1,-1,1,22,20,36,4,1,8,8,18,4,0.008070317140413326,0.25168592862959105,0.26788037086552174,0.2893060122469133,0.05402208568892579,0.01365859108508769,0.07214332261799247,0.04323337172555459,0.008303771124866011,0.2423050916594878,0.19560605564806724,0.3717135815909014,0.026832013091725268,0.011672640448701633,0.08338635564661366,0.06018049078963667,0.006976310085084099,0.11967177268045898,0.12493224710221079,0.41593323210887206,0.1198670577796084,0.011700773161768359,0.06990754776506766,0.13101105931692958,0.022891324798711157,0.08428987781866033,0.1948195921085763,0.30331374328698446,0.06637690749033638,0.025489620925698078,0.11617264281735197,0.1866462907536812,0.006661233753135915,0.04861176454126349,0.12357170756910077,0.4016724325491402,0.04243655172332067,0.026902285523871666,0.12054736358992836,0.22959666075023885,0.0,1.0,1.0,0.0,4.0,0.0,-6.0,0.0
DE LOS RIOS,PANGUIPULLI,ESCUELA MANUEL ANABALON SAEZ,37,1,30,23,49,5,9,0,2,6,2,3,19,82,10,5,5,1,0,125,75,-1,-1,1,27,25,45,5,2,10,10,22,6,0.008070317140413326,0.25168592862959105,0.26788037086552174,0.2893060122469133,0.05402208568892579,0.01365859108508769,0.07214332261799247,0.04323337172555459,0.008303771124866011,0.2423050916594878,0.19560605564806724,0.3717135815909014,0.026832013091725268,0.011672640448701633,0.08338635564661366,0.06018049078963667,0.006976310085084099,0.11967177268045898,0.12493224710221079,0.41593323210887206,0.1198670577796084,0.011700773161768359,0.06990754776506766,0.13101105931692958,0.022891324798711157,0.08428987781866033,0.1948195921085763,0.30331374328698446,0.06637690749033638,0.025489620925698078,0.11617264281735197,0.1866462907536812,0.006661233753135915,0.04861176454126349,0.12357170756910077,0.4016724325491402,0.04243655172332067,0.026902285523871666,0.12054736358992836,0.22959666075023885,0.0,3.0,-2.0,4.0,0.0,0.0,-1.0,-4.0
DE LOS RIOS,PANGUIPULLI,ESCUELA MANUEL ANABALON SAEZ,38,4,24,22,37,2,11,1,2,10,3,6,26,55,11,7,6,2,0,113,75,-1,-1,1,24,23,40,5,2,9,9,32,8,0.008070317140413326,0.25168592862959105,0.26788037086552174,0.2893060122469133,0.05402208568892579,0.01365859108508769,0.07214332261799247,0.04323337172555459,0.008303771124866011,0.2423050916594878,0.19560605564806724,0.3717135815909014,0.026832013091725268,0.011672640448701633,0.08338635564661366,0.06018049078963667,0.006976310085084099,0.11967177268045898,0.12493224710221079,0.41593323210887206,0.1198670577796084,0.011700773161768359,0.06990754776506766,0.13101105931692958,0.022891324798711157,0.08428987781866033,0.1948195921085763,0.30331374328698446,0.06637690749033638,0.025489620925698078,0.11617264281735197,0.1866462907536812,0.006661233753135915,0.04861176454126349,0.12357170756910077,0.4016724325491402,0.04243655172332067,0.026902285523871666,0.12054736358992836,0.22959666075023885,3.0,0.0,-1.0,-3.0,-3.0,1.0,2.0,1.0
DE LOS RIOS,PANGUIPULLI,ESCUELA MANUEL ANABALON SAEZ,39,1,28,25,36,3,7,0,5,5,5,6,19,69,8,6,2,0,0,110,75,-1,-1,1,24,23,39,5,1,9,8,25,2,0.008070317140413326,0.25168592862959105,0.26788037086552174,0.2893060122469133,0.05402208568892579,0.01365859108508769,0.07214332261799247,0.04323337172555459,0.008303771124866011,0.2423050916594878,0.19560605564806724,0.3717135815909014,0.026832013091725268,0.011672640448701633,0.08338635564661366,0.06018049078963667,0.006976310085084099,0.11967177268045898,0.12493224710221079,0.41593323210887206,0.1198670577796084,0.011700773161768359,0.06990754776506766,0.13101105931692958,0.022891324798711157,0.08428987781866033,0.1948195921085763,0.30331374328698446,0.06637690749033638,0.025489620925698078,0.11617264281735197,0.1866462907536812,0.006661233753135915,0.04861176454126349,0.12357170756910077,0.4016724325491402,0.04243655172332067,0.026902285523871666,0.12054736358992836,0.22959666075023885,0.0,4.0,2.0,-3.0,-2.0,4.0,-2.0,-3.0
DE LOS RIOS,PANGUIPULLI,ESCUELA MANUEL ANABALON SAEZ,40,2,24,21,37,6,11,1,0,8,1,4,15,76,5,5,3,2,0,110,75,-1,-1,1,25,22,39,4,2,9,8,19,5,0.008070317140413326,0.25168592862959105,0.26788037086552174,0.2893060122469133,0.05402208568892579,0.01365859108508769,0.07214332261799247,0.04323337172555459,0.008303771124866011,0.2423050916594878,0.19560605564806724,0.3717135815909014,0.026832013091725268,0.011672640448701633,0.08338635564661366,0.06018049078963667,0.006976310085084099,0.11967177268045898,0.12493224710221079,0.41593323210887206,0.1198670577796084,0.011700773161768359,0.06990754776506766,0.13101105931692958,0.022891324798711157,0.08428987781866033,0.1948195921085763,0.30331374328698446,0.06637690749033638,0.025489620925698078,0.11617264281735197,0.1866462907536812,0.006661233753135915,0.04861176454126349,0.12357170756910077,0.4016724325491402,0.04243655172332067,0.026902285523871666,0.12054736358992836,0.22959666075023885,1.0,-1.0,-1.0,-2.0,2.0,-1.0,2.0,0.0
DE LOS RIOS,PANGUIPULLI,ESCUELA MANUEL ANABALON SAEZ,41,0,26,28,38,2,11,0,1,5,1,4,23,65,7,4,6,1,0,111,75,-1,-1,1,24,23,39,5,2,9,8,27,7,0.008070317140413326,0.25168592862959105,0.26788037086552174,0.2893060122469133,0.05402208568892579,0.01365859108508769,0.07214332261799247,0.04323337172555459,0.008303771124866011,0.2423050916594878,0.19560605564806724,0.3717135815909014,0.026832013091725268,0.011672640448701633,0.08338635564661366,0.06018049078963667,0.006976310085084099,0.11967177268045898,0.12493224710221079,0.41593323210887206,0.1198670577796084,0.011700773161768359,0.06990754776506766,0.13101105931692958,0.022891324798711157,0.08428987781866033,0.1948195921085763,0.30331374328698446,0.06637690749033638,0.025489620925698078,0.11617264281735197,0.1866462907536812,0.006661233753135915,0.04861176454126349,0.12357170756910077,0.4016724325491402,0.04243655172332067,0.026902285523871666,0.12054736358992836,0.22959666075023885,-1.0,2.0,5.0,-1.0,-3.0,-1.0,2.0,-3.0
DE LOS RIOS,PANGUIPULLI,ESCUELA MANUEL ANABALON SAEZ,42,1,35,21,29,5,9,0,0,11,0,7,25,60,5,4,5,5,0,111,75,-1,-1,1,24,23,39,5,1,9,9,32,10,0.008070317140413326,0.25168592862959105,0.26788037086552174,0.2893060122469133,0.05402208568892579,0.01365859108508769,0.07214332261799247,0.04323337172555459,0.008303771124866011,0.2423050916594878,0.19560605564806724,0.3717135815909014,0.026832013091725268,0.011672640448701633,0.08338635564661366,0.06018049078963667,0.006976310085084099,0.11967177268045898,0.12493224710221079,0.41593323210887206,0.1198670577796084,0.011700773161768359,0.06990754776506766,0.13101105931692958,0.022891324798711157,0.08428987781866033,0.1948195921085763,0.30331374328698446,0.06637690749033638,0.025489620925698078,0.11617264281735197,0.1866462907536812,0.006661233753135915,0.04861176454126349,0.12357170756910077,0.4016724325491402,0.04243655172332067,0.026902285523871666,0.12054736358992836,0.22959666075023885,0.0,11.0,-2.0,-10.0,0.0,-1.0,0.0,2.0
DE LOS RIOS,PANGUIPULLI,ESCUELA MANUEL ANABALON SAEZ,43,0,24,26,36,7,8,0,1,6,1,6,69,17,7,2,6,1,0,108,75,-1,-1,1,24,26,34,6,2,8,7,75,7,0.008070317140413326,0.25168592862959105,0.26788037086552174,0.2893060122469133,0.05402208568892579,0.01365859108508769,0.07214332261799247,0.04323337172555459,0.008303771124866011,0.2423050916594878,0.19560605564806724,0.3717135815909014,0.026832013091725268,0.011672640448701633,0.08338635564661366,0.06018049078963667,0.006976310085084099,0.11967177268045898,0.12493224710221079,0.41593323210887206,0.1198670577796084,0.011700773161768359,0.06990754776506766,0.13101105931692958,0.022891324798711157,0.08428987781866033,0.1948195921085763,0.30331374328698446,0.06637690749033638,0.025489620925698078,0.11617264281735197,0.1866462907536812,0.006661233753135915,0.04861176454126349,0.12357170756910077,0.4016724325491402,0.04243655172332067,0.026902285523871666,0.12054736358992836,0.22959666075023885,-1.0,0.0,0.0,2.0,1.0,-1.0,0.0,-1.0
DE LOS RIOS,PANGUIPULLI,ESCUELA MANUEL ANABALON SAEZ,44,0,23,26,39,5,8,2,0,2,2,5,73,12,5,6,4,0,0,105,75,-1,-1,1,24,25,33,6,1,8,7,78,4,0.008070317140413326,0.25168592862959105,0.26788037086552174,0.2893060122469133,0.05402208568892579,0.01365859108508769,0.07214332261799247,0.04323337172555459,0.008303771124866011,0.2423050916594878,0.19560605564806724,0.3717135815909014,0.026832013091725268,0.011672640448701633,0.08338635564661366,0.06018049078963667,0.006976310085084099,0.11967177268045898,0.12493224710221079,0.41593323210887206,0.1198670577796084,0.011700773161768359,0.06990754776506766,0.13101105931692958,0.022891324798711157,0.08428987781866033,0.1948195921085763,0.30331374328698446,0.06637690749033638,0.025489620925698078,0.11617264281735197,0.1866462907536812,0.006661233753135915,0.04861176454126349,0.12357170756910077,0.4016724325491402,0.04243655172332067,0.026902285523871666,0.12054736358992836,0.22959666075023885,-1.0,-1.0,1.0,6.0,-1.0,1.0,0.0,-5.0
DE LOS RIOS,PANGUIPULLI,ESCUELA MANUEL ANABALON SAEZ,45,1,25,28,35,5,10,0,1,14,1,2,76,21,9,6,3,2,0,119,75,-1,-1,1,27,28,38,6,2,9,8,78,5,0.008070317140413326,0.25168592862959105,0.26788037086552174,0.2893060122469133,0.05402208568892579,0.01365859108508769,0.07214332261799247,0.04323337172555459,0.008303771124866011,0.2423050916594878,0.19560605564806724,0.3717135815909014,0.026832013091725268,0.011672640448701633,0.08338635564661366,0.06018049078963667,0.006976310085084099,0.11967177268045898,0.12493224710221079,0.41593323210887206,0.1198670577796084,0.011700773161768359,0.06990754776506766,0.13101105931692958,0.022891324798711157,0.08428987781866033,0.1948195921085763,0.30331374328698446,0.06637690749033638,0.025489620925698078,0.11617264281735197,0.1866462907536812,0.006661233753135915,0.04861176454126349,0.12357170756910077,0.4016724325491402,0.04243655172332067,0.026902285523871666,0.12054736358992836,0.22959666075023885,0.0,-2.0,0.0,-3.0,-1.0,-1.0,1.0,6.0
DE LOS RIOS,PANGUIPULLI,ESCUELA MANUEL ANABALON SAEZ,46,0,22,23,31,9,8,0,0,6,0,5,68,8,10,3,2,3,0,99,75,-1,-1,1,22,23,31,6,1,8,7,73,5,0.008070317140413326,0.25168592862959105,0.26788037086552174,0.2893060122469133,0.05402208568892579,0.01365859108508769,0.07214332261799247,0.04323337172555459,0.008303771124866011,0.2423050916594878,0.19560605564806724,0.3717135815909014,0.026832013091725268,0.011672640448701633,0.08338635564661366,0.06018049078963667,0.006976310085084099,0.11967177268045898,0.12493224710221079,0.41593323210887206,0.1198670577796084,0.011700773161768359,0.06990754776506766,0.13101105931692958,0.022891324798711157,0.08428987781866033,0.1948195921085763,0.30331374328698446,0.06637690749033638,0.025489620925698078,0.11617264281735197,0.1866462907536812,0.006661233753135915,0.04861176454126349,0.12357170756910077,0.4016724325491402,0.04243655172332067,0.026902285523871666,0.12054736358992836,0.22959666075023885,-1.0,0.0,0.0,0.0,3.0,-1.0,0.0,-1.0
DE LOS RIOS,PANGUIPULLI,ESCUELA MANUEL ANABALON SAEZ,47,3,22,26,35,6,8,1,1,11,2,4,71,18,10,6,2,1,1,113,75,-1,-1,1,25,26,36,6,2,9,8,75,4,0.008070317140413326,0.25168592862959105,0.26788037086552174,0.2893060122469133,0.05402208568892579,0.01365859108508769,0.07214332261799247,0.04323337172555459,0.008303771124866011,0.2423050916594878,0.19560605564806724,0.3717135815909014,0.026832013091725268,0.011672640448701633,0.08338635564661366,0.06018049078963667,0.006976310085084099,0.11967177268045898,0.12493224710221079,0.41593323210887206,0.1198670577796084,0.011700773161768359,0.06990754776506766,0.13101105931692958,0.022891324798711157,0.08428987781866033,0.1948195921085763,0.30331374328698446,0.06637690749033638,0.025489620925698078,0.11617264281735197,0.1866462907536812,0.006661233753135915,0.04861176454126349,0.12357170756910077,0.4016724325491402,0.04243655172332067,0.026902285523871666,0.12054736358992836,0.22959666075023885,2.0,-3.0,0.0,-1.0,0.0,0.0,-1.0,3.0
DE LOS RIOS,PANGUIPULLI,ESCUELA MANUEL ANABALON SAEZ,48,1,20,19,24,3,10,0,1,5,1,5,53,14,7,2,2,0,0,83,75,-1,-1,1,19,20,26,5,1,6,5,58,2,0.008070317140413326,0.25168592862959105,0.26788037086552174,0.2893060122469133,0.05402208568892579,0.01365859108508769,0.07214332261799247,0.04323337172555459,0.008303771124866011,0.2423050916594878,0.19560605564806724,0.3717135815909014,0.026832013091725268,0.011672640448701633,0.08338635564661366,0.06018049078963667,0.006976310085084099,0.11967177268045898,0.12493224710221079,0.41593323210887206,0.1198670577796084,0.011700773161768359,0.06990754776506766,0.13101105931692958,0.022891324798711157,0.08428987781866033,0.1948195921085763,0.30331374328698446,0.06637690749033638,0.025489620925698078,0.11617264281735197,0.1866462907536812,0.006661233753135915,0.04861176454126349,0.12357170756910077,0.4016724325491402,0.04243655172332067,0.026902285523871666,0.12054736358992836,0.22959666075023885,0.0,1.0,-1.0,-2.0,-2.0,0.0,4.0,0.0
DE LOS RIOS,PANGUIPULLI,ESCUELA MANUEL ANABALON SAEZ,49,0,14,14,32,7,7,0,2,14,2,2,18,23,19,14,11,3,0,90,75,-1,-1,1,15,17,32,5,1,8,11,20,14,0.008070317140413326,0.25168592862959105,0.26788037086552174,0.2893060122469133,0.05402208568892579,0.01365859108508769,0.07214332261799247,0.04323337172555459,0.008303771124866011,0.2423050916594878,0.19560605564806724,0.3717135815909014,0.026832013091725268,0.011672640448701633,0.08338635564661366,0.06018049078963667,0.006976310085084099,0.11967177268045898,0.12493224710221079,0.41593323210887206,0.1198670577796084,0.011700773161768359,0.06990754776506766,0.13101105931692958,0.022891324798711157,0.08428987781866033,0.1948195921085763,0.30331374328698446,0.06637690749033638,0.025489620925698078,0.11617264281735197,0.1866462907536812,0.006661233753135915,0.04861176454126349,0.12357170756910077,0.4016724325491402,0.04243655172332067,0.026902285523871666,0.12054736358992836,0.22959666075023885,-1.0,-1.0,-3.0,0.0,2.0,1.0,-1.0,3.0
DE LOS RIOS,PANGUIPULLI,ESCUELA MARIA ALVARADO GARAY,10V,0,12,8,29,4,17,1,0,15,1,3,10,5,5,25,22,15,1,86,75,-1,-1,1,9,15,30,5,2,9,15,13,38,0.008070317140413326,0.25168592862959105,0.26788037086552174,0.2893060122469133,0.05402208568892579,0.01365859108508769,0.07214332261799247,0.04323337172555459,0.008303771124866011,0.2423050916594878,0.19560605564806724,0.3717135815909014,0.026832013091725268,0.011672640448701633,0.08338635564661366,0.06018049078963667,0.006976310085084099,0.11967177268045898,0.12493224710221079,0.41593323210887206,0.1198670577796084,0.011700773161768359,0.06990754776506766,0.13101105931692958,0.022891324798711157,0.08428987781866033,0.1948195921085763,0.30331374328698446,0.06637690749033638,0.025489620925698078,0.11617264281735197,0.1866462907536812,0.006661233753135915,0.04861176454126349,0.12357170756910077,0.4016724325491402,0.04243655172332067,0.026902285523871666,0.12054736358992836,0.22959666075023885,-1.0,3.0,-7.0,-1.0,-1.0,-1.0,8.0,0.0
DE LOS RIOS,PANGUIPULLI,ESCUELA MARIA ALVARADO GARAY,11V,3,10,18,40,6,9,2,1,18,3,3,17,2,5,40,22,13,6,107,75,-1,-1,1,11,19,37,6,3,12,18,20,41,0.008070317140413326,0.25168592862959105,0.26788037086552174,0.2893060122469133,0.05402208568892579,0.01365859108508769,0.07214332261799247,0.04323337172555459,0.008303771124866011,0.2423050916594878,0.19560605564806724,0.3717135815909014,0.026832013091725268,0.011672640448701633,0.08338635564661366,0.06018049078963667,0.006976310085084099,0.11967177268045898,0.12493224710221079,0.41593323210887206,0.1198670577796084,0.011700773161768359,0.06990754776506766,0.13101105931692958,0.022891324798711157,0.08428987781866033,0.1948195921085763,0.30331374328698446,0.06637690749033638,0.025489620925698078,0.11617264281735197,0.1866462907536812,0.006661233753135915,0.04861176454126349,0.12357170756910077,0.4016724325491402,0.04243655172332067,0.026902285523871666,0.12054736358992836,0.22959666075023885,2.0,-1.0,-1.0,3.0,0.0,0.0,-3.0,0.0
DE LOS RIOS,PANGUIPULLI,ESCUELA MARIA ALVARADO GARAY,12V,0,9,21,50,6,6,0,1,25,1,4,8,7,19,35,27,12,6,118,75,-1,-1,2,12,19,43,7,3,12,20,12,45,0.008070317140413326,0.25168592862959105,0.26788037086552174,0.2893060122469133,0.05402208568892579,0.01365859108508769,0.07214332261799247,0.04323337172555459,0.008303771124866011,0.2423050916594878,0.19560605564806724,0.3717135815909014,0.026832013091725268,0.011672640448701633,0.08338635564661366,0.06018049078963667,0.006976310085084099,0.11967177268045898,0.12493224710221079,0.41593323210887206,0.1198670577796084,0.011700773161768359,0.06990754776506766,0.13101105931692958,0.022891324798711157,0.08428987781866033,0.1948195921085763,0.30331374328698446,0.06637690749033638,0.025489620925698078,0.11617264281735197,0.1866462907536812,0.006661233753135915,0.04861176454126349,0.12357170756910077,0.4016724325491402,0.04243655172332067,0.026902285523871666,0.12054736358992836,0.22959666075023885,-2.0,-3.0,2.0,7.0,-1.0,-2.0,-6.0,5.0
DE LOS RIOS,PANGUIPULLI,ESCUELA MARIA ALVARADO GARAY,13V,1,11,18,45,12,13,2,1,19,3,5,15,2,24,25,24,24,4,122,75,-1,-1,1,13,20,45,8,3,12,20,20,52,0.008070317140413326,0.25168592862959105,0.26788037086552174,0.2893060122469133,0.05402208568892579,0.01365859108508769,0.07214332261799247,0.04323337172555459,0.008303771124866011,0.2423050916594878,0.19560605564806724,0.3717135815909014,0.026832013091725268,0.011672640448701633,0.08338635564661366,0.06018049078963667,0.006976310085084099,0.11967177268045898,0.12493224710221079,0.41593323210887206,0.1198670577796084,0.011700773161768359,0.06990754776506766,0.13101105931692958,0.022891324798711157,0.08428987781866033,0.1948195921085763,0.30331374328698446,0.06637690749033638,0.025489620925698078,0.11617264281735197,0.1866462907536812,0.006661233753135915,0.04861176454126349,0.12357170756910077,0.4016724325491402,0.04243655172332067,0.026902285523871666,0.12054736358992836,0.22959666075023885,0.0,-2.0,-2.0,0.0,4.0,0.0,1.0,-1.0
DE LOS RIOS,PANGUIPULLI,ESCUELA MARIA ALVARADO GARAY,14V,1,15,31,52,7,18,3,0,31,3,3,11,7,25,44,42,21,5,158,75,-1,-1,2,15,25,58,10,3,17,28,14,68,0.008070317140413326,0.25168592862959105,0.26788037086552174,0.2893060122469133,0.05402208568892579,0.01365859108508769,0.07214332261799247,0.04323337172555459,0.008303771124866011,0.2423050916594878,0.19560605564806724,0.3717135815909014,0.026832013091725268,0.011672640448701633,0.08338635564661366,0.06018049078963667,0.006976310085084099,0.11967177268045898,0.12493224710221079,0.41593323210887206,0.1198670577796084,0.011700773161768359,0.06990754776506766,0.13101105931692958,0.022891324798711157,0.08428987781866033,0.1948195921085763,0.30331374328698446,0.06637690749033638,0.025489620925698078,0.11617264281735197,0.1866462907536812,0.006661233753135915,0.04861176454126349,0.12357170756910077,0.4016724325491402,0.04243655172332067,0.026902285523871666,0.12054736358992836,0.22959666075023885,-1.0,0.0,6.0,-6.0,-3.0,0.0,1.0,3.0
DE LOS RIOS,PANGUIPULLI,ESCUELA MARIA ALVARADO GARAY,15V,2,19,21,63,9,20,0,3,16,3,3,15,3,37,34,44,11,6,153,75,-1,-1,2,16,24,57,10,3,15,26,18,61,0.008070317140413326,0.25168592862959105,0.26788037086552174,0.2893060122469133,0.05402208568892579,0.01365859108508769,0.07214332261799247,0.04323337172555459,0.008303771124866011,0.2423050916594878,0.19560605564806724,0.3717135815909014,0.026832013091725268,0.011672640448701633,0.08338635564661366,0.06018049078963667,0.006976310085084099,0.11967177268045898,0.12493224710221079,0.41593323210887206,0.1198670577796084,0.011700773161768359,0.06990754776506766,0.13101105931692958,0.022891324798711157,0.08428987781866033,0.1948195921085763,0.30331374328698446,0.06637690749033638,0.025489620925698078,0.11617264281735197,0.1866462907536812,0.006661233753135915,0.04861176454126349,0.12357170756910077,0.4016724325491402,0.04243655172332067,0.026902285523871666,0.12054736358992836,0.22959666075023885,0.0,3.0,-3.0,6.0,-1.0,0.0,5.0,-10.0
DE LOS RIOS,PANGUIPULLI,ESCUELA MARIA ALVARADO GARAY,1V,1,7,13,30,1,13,2,2,18,4,3,8,3,4,11,24,21,13,87,75,-1,-1,1,8,13,33,4,2,10,16,11,58,0.008070317140413326,0.25168592862959105,0.26788037086552174,0.2893060122469133,0.05402208568892579,0.01365859108508769,0.07214332261799247,0.04323337172555459,0.008303771124866011,0.2423050916594878,0.19560605564806724,0.3717135815909014,0.026832013091725268,0.011672640448701633,0.08338635564661366,0.06018049078963667,0.006976310085084099,0.11967177268045898,0.12493224710221079,0.41593323210887206,0.1198670577796084,0.011700773161768359,0.06990754776506766,0.13101105931692958,0.022891324798711157,0.08428987781866033,0.1948195921085763,0.30331374328698446,0.06637690749033638,0.025489620925698078,0.11617264281735197,0.1866462907536812,0.006661233753135915,0.04861176454126349,0.12357170756910077,0.4016724325491402,0.04243655172332067,0.026902285523871666,0.12054736358992836,0.22959666075023885,0.0,-1.0,0.0,-3.0,-3.0,2.0,3.0,2.0
DE LOS RIOS,PANGUIPULLI,ESCUELA MARIA ALVARADO GARAY,2V,1,10,14,31,5,5,2,0,20,2,5,12,3,0,19,18,15,16,88,75,-1,-1,1,9,15,31,4,2,10,16,17,49,0.008070317140413326,0.25168592862959105,0.26788037086552174,0.2893060122469133,0.05402208568892579,0.01365859108508769,0.07214332261799247,0.04323337172555459,0.008303771124866011,0.2423050916594878,0.19560605564806724,0.3717135815909014,0.026832013091725268,0.011672640448701633,0.08338635564661366,0.06018049078963667,0.006976310085084099,0.11967177268045898,0.12493224710221079,0.41593323210887206,0.1198670577796084,0.011700773161768359,0.06990754776506766,0.13101105931692958,0.022891324798711157,0.08428987781866033,0.1948195921085763,0.30331374328698446,0.06637690749033638,0.025489620925698078,0.11617264281735197,0.1866462907536812,0.006661233753135915,0.04861176454126349,0.12357170756910077,0.4016724325491402,0.04243655172332067,0.026902285523871666,0.12054736358992836,0.22959666075023885,0.0,1.0,-1.0,0.0,1.0,0.0,-5.0,4.0
DE LOS RIOS,PANGUIPULLI,ESCUELA MARIA ALVARADO GARAY,3V,1,4,21,25,9,4,1,2,20,3,1,15,6,3,20,22,17,3,87,75,-1,-1,1,10,15,31,4,2,9,15,16,42,0.008070317140413326,0.25168592862959105,0.26788037086552174,0.2893060122469133,0.05402208568892579,0.01365859108508769,0.07214332261799247,0.04323337172555459,0.008303771124866011,0.2423050916594878,0.19560605564806724,0.3717135815909014,0.026832013091725268,0.011672640448701633,0.08338635564661366,0.06018049078963667,0.006976310085084099,0.11967177268045898,0.12493224710221079,0.41593323210887206,0.1198670577796084,0.011700773161768359,0.06990754776506766,0.13101105931692958,0.022891324798711157,0.08428987781866033,0.1948195921085763,0.30331374328698446,0.06637690749033638,0.025489620925698078,0.11617264281735197,0.1866462907536812,0.006661233753135915,0.04861176454126349,0.12357170756910077,0.4016724325491402,0.04243655172332067,0.026902285523871666,0.12054736358992836,0.22959666075023885,0.0,-6.0,6.0,-6.0,5.0,1.0,-5.0,5.0
DE LOS RIOS,PANGUIPULLI,ESCUELA MARIA ALVARADO GARAY,4V,2,14,18,41,4,5,0,1,21,1,3,17,19,3,24,22,16,2,106,75,-1,-1,1,14,19,38,5,2,11,16,20,40,0.008070317140413326,0.25168592862959105,0.26788037086552174,0.2893060122469133,0.05402208568892579,0.01365859108508769,0.07214332261799247,0.04323337172555459,0.008303771124866011,0.2423050916594878,0.19560605564806724,0.3717135815909014,0.026832013091725268,0.011672640448701633,0.08338635564661366,0.06018049078963667,0.006976310085084099,0.11967177268045898,0.12493224710221079,0.41593323210887206,0.1198670577796084,0.011700773161768359,0.06990754776506766,0.13101105931692958,0.022891324798711157,0.08428987781866033,0.1948195921085763,0.30331374328698446,0.06637690749033638,0.025489620925698078,0.11617264281735197,0.1866462907536812,0.006661233753135915,0.04861176454126349,0.12357170756910077,0.4016724325491402,0.04243655172332067,0.026902285523871666,0.12054736358992836,0.22959666075023885,1.0,0.0,-1.0,3.0,-1.0,-1.0,-6.0,5.0
DE LOS RIOS,PANGUIPULLI,ESCUELA MARIA ALVARADO GARAY,5V,1,6,23,37,4,13,0,2,24,2,3,15,5,3,18,33,22,11,110,75,-1,-1,1,11,18,40,5,3,12,20,18,66,0.008070317140413326,0.25168592862959105,0.26788037086552174,0.2893060122469133,0.05402208568892579,0.01365859108508769,0.07214332261799247,0.04323337172555459,0.008303771124866011,0.2423050916594878,0.19560605564806724,0.3717135815909014,0.026832013091725268,0.011672640448701633,0.08338635564661366,0.06018049078963667,0.006976310085084099,0.11967177268045898,0.12493224710221079,0.41593323210887206,0.1198670577796084,0.011700773161768359,0.06990754776506766,0.13101105931692958,0.022891324798711157,0.08428987781866033,0.1948195921085763,0.30331374328698446,0.06637690749033638,0.025489620925698078,0.11617264281735197,0.1866462907536812,0.006661233753135915,0.04861176454126349,0.12357170756910077,0.4016724325491402,0.04243655172332067,0.026902285523871666,0.12054736358992836,0.22959666075023885,0.0,-5.0,5.0,-3.0,-1.0,-1.0,1.0,4.0
DE LOS RIOS,PANGUIPULLI,ESCUELA MARIA ALVARADO GARAY,6V,1,11,19,31,8,7,3,2,16,5,3,17,6,1,30,21,15,5,98,75,-1,-1,1,11,18,34,5,2,11,16,20,41,0.008070317140413326,0.25168592862959105,0.26788037086552174,0.2893060122469133,0.05402208568892579,0.01365859108508769,0.07214332261799247,0.04323337172555459,0.008303771124866011,0.2423050916594878,0.19560605564806724,0.3717135815909014,0.026832013091725268,0.011672640448701633,0.08338635564661366,0.06018049078963667,0.006976310085084099,0.11967177268045898,0.12493224710221079,0.41593323210887206,0.1198670577796084,0.011700773161768359,0.06990754776506766,0.13101105931692958,0.022891324798711157,0.08428987781866033,0.1948195921085763,0.30331374328698446,0.06637690749033638,0.025489620925698078,0.11617264281735197,0.1866462907536812,0.006661233753135915,0.04861176454126349,0.12357170756910077,0.4016724325491402,0.04243655172332067,0.026902285523871666,0.12054736358992836,0.22959666075023885,0.0,0.0,1.0,-3.0,3.0,3.0,-4.0,0.0
DE LOS RIOS,PANGUIPULLI,ESCUELA MARIA ALVARADO GARAY,7V,1,12,14,40,3,7,2,2,29,4,3,10,2,4,31,23,29,9,110,75,-1,-1,1,10,18,40,6,2,12,21,13,61,0.008070317140413326,0.25168592862959105,0.26788037086552174,0.2893060122469133,0.05402208568892579,0.01365859108508769,0.07214332261799247,0.04323337172555459,0.008303771124866011,0.2423050916594878,0.19560605564806724,0.3717135815909014,0.026832013091725268,0.011672640448701633,0.08338635564661366,0.06018049078963667,0.006976310085084099,0.11967177268045898,0.12493224710221079,0.41593323210887206,0.1198670577796084,0.011700773161768359,0.06990754776506766,0.13101105931692958,0.022891324798711157,0.08428987781866033,0.1948195921085763,0.30331374328698446,0.06637690749033638,0.025489620925698078,0.11617264281735197,0.1866462907536812,0.006661233753135915,0.04861176454126349,0.12357170756910077,0.4016724325491402,0.04243655172332067,0.026902285523871666,0.12054736358992836,0.22959666075023885,0.0,2.0,-4.0,0.0,-3.0,2.0,-5.0,8.0
DE LOS RIOS,PANGUIPULLI,ESCUELA MARIA ALVARADO GARAY,8V,1,17,23,46,1,11,2,4,10,6,4,21,8,4,22,34,19,3,115,75,-1,-1,1,13,20,41,6,3,12,19,25,56,0.008070317140413326,0.25168592862959105,0.26788037086552174,0.2893060122469133,0.05402208568892579,0.01365859108508769,0.07214332261799247,0.04323337172555459,0.008303771124866011,0.2423050916594878,0.19560605564806724,0.3717135815909014,0.026832013091725268,0.011672640448701633,0.08338635564661366,0.06018049078963667,0.006976310085084099,0.11967177268045898,0.12493224710221079,0.41593323210887206,0.1198670577796084,0.011700773161768359,0.06990754776506766,0.13101105931692958,0.022891324798711157,0.08428987781866033,0.1948195921085763,0.30331374328698446,0.06637690749033638,0.025489620925698078,0.11617264281735197,0.1866462907536812,0.006661233753135915,0.04861176454126349,0.12357170756910077,0.4016724325491402,0.04243655172332067,0.026902285523871666,0.12054736358992836,0.22959666075023885,0.0,4.0,3.0,5.0,-5.0,3.0,-1.0,-9.0
DE LOS RIOS,PANGUIPULLI,ESCUELA MARIA ALVARADO GARAY,9V,0,14,26,43,8,10,5,3,23,8,2,19,1,5,44,34,22,5,132,75,-1,-1,2,13,23,46,7,3,14,24,21,61,0.008070317140413326,0.25168592862959105,0.26788037086552174,0.2893060122469133,0.05402208568892579,0.01365859108508769,0.07214332261799247,0.04323337172555459,0.008303771124866011,0.2423050916594878,0.19560605564806724,0.3717135815909014,0.026832013091725268,0.011672640448701633,0.08338635564661366,0.06018049078963667,0.006976310085084099,0.11967177268045898,0.12493224710221079,0.41593323210887206,0.1198670577796084,0.011700773161768359,0.06990754776506766,0.13101105931692958,0.022891324798711157,0.08428987781866033,0.1948195921085763,0.30331374328698446,0.06637690749033638,0.025489620925698078,0.11617264281735197,0.1866462907536812,0.006661233753135915,0.04861176454126349,0.12357170756910077,0.4016724325491402,0.04243655172332067,0.026902285523871666,0.12054736358992836,0.22959666075023885,-2.0,1.0,3.0,-3.0,1.0,5.0,-4.0,-1.0
DE LOS RIOS,PANGUIPULLI,LICEO PADRE SIGISFREDO,16M,2,12,16,45,10,14,1,1,25,2,2,7,2,7,56,36,12,4,126,75,-1,-1,2,11,21,44,7,3,14,24,9,52,0.008070317140413326,0.25168592862959105,0.26788037086552174,0.2893060122469133,0.05402208568892579,0.01365859108508769,0.07214332261799247,0.04323337172555459,0.008303771124866011,0.2423050916594878,0.19560605564806724,0.3717135815909014,0.026832013091725268,0.011672640448701633,0.08338635564661366,0.06018049078963667,0.006976310085084099,0.11967177268045898,0.12493224710221079,0.41593323210887206,0.1198670577796084,0.011700773161768359,0.06990754776506766,0.13101105931692958,0.022891324798711157,0.08428987781866033,0.1948195921085763,0.30331374328698446,0.06637690749033638,0.025489620925698078,0.11617264281735197,0.1866462907536812,0.006661233753135915,0.04861176454126349,0.12357170756910077,0.4016724325491402,0.04243655172332067,0.026902285523871666,0.12054736358992836,0.22959666075023885,0.0,1.0,-5.0,1.0,3.0,-1.0,0.0,1.0
DE LOS RIOS,PANGUIPULLI,LICEO PADRE SIGISFREDO,16V,5,10,30,50,5,23,0,0,18,0,3,6,4,34,42,31,17,4,141,75,-1,-1,2,13,22,52,10,3,14,25,9,52,0.008070317140413326,0.25168592862959105,0.26788037086552174,0.2893060122469133,0.05402208568892579,0.01365859108508769,0.07214332261799247,0.04323337172555459,0.008303771124866011,0.2423050916594878,0.19560605564806724,0.3717135815909014,0.026832013091725268,0.011672640448701633,0.08338635564661366,0.06018049078963667,0.006976310085084099,0.11967177268045898,0.12493224710221079,0.41593323210887206,0.1198670577796084,0.011700773161768359,0.06990754776506766,0.13101105931692958,0.022891324798711157,0.08428987781866033,0.1948195921085763,0.30331374328698446,0.06637690749033638,0.025489620925698078,0.11617264281735197,0.1866462907536812,0.006661233753135915,0.04861176454126349,0.12357170756910077,0.4016724325491402,0.04243655172332067,0.026902285523871666,0.12054736358992836,0.22959666075023885,3.0,-3.0,8.0,-2.0,-5.0,-3.0,9.0,-7.0
DE LOS RIOS,PANGUIPULLI,LICEO PADRE SIGISFREDO,17M,2,12,22,38,5,16,1,2,16,3,3,11,2,2,59,24,12,1,114,75,-1,-1,2,11,20,38,7,3,13,20,14,37,0.008070317140413326,0.25168592862959105,0.26788037086552174,0.2893060122469133,0.05402208568892579,0.01365859108508769,0.07214332261799247,0.04323337172555459,0.008303771124866011,0.2423050916594878,0.19560605564806724,0.3717135815909014,0.026832013091725268,0.011672640448701633,0.08338635564661366,0.06018049078963667,0.006976310085084099,0.11967177268045898,0.12493224710221079,0.41593323210887206,0.1198670577796084,0.011700773161768359,0.06990754776506766,0.13101105931692958,0.022891324798711157,0.08428987781866033,0.1948195921085763,0.30331374328698446,0.06637690749033638,0.025489620925698078,0.11617264281735197,0.1866462907536812,0.006661233753135915,0.04861176454126349,0.12357170756910077,0.4016724325491402,0.04243655172332067,0.026902285523871666,0.12054736358992836,0.22959666075023885,0.0,1.0,2.0,0.0,-2.0,0.0,3.0,-4.0
DE LOS RIOS,PANGUIPULLI,LICEO PADRE SIGISFREDO,17V,3,11,20,61,12,12,0,1,16,1,4,11,4,44,35,25,13,0,136,75,-1,-1,1,15,22,50,10,3,13,22,15,38,0.008070317140413326,0.25168592862959105,0.26788037086552174,0.2893060122469133,0.05402208568892579,0.01365859108508769,0.07214332261799247,0.04323337172555459,0.008303771124866011,0.2423050916594878,0.19560605564806724,0.3717135815909014,0.026832013091725268,0.011672640448701633,0.08338635564661366,0.06018049078963667,0.006976310085084099,0.11967177268045898,0.12493224710221079,0.41593323210887206,0.1198670577796084,0.011700773161768359,0.06990754776506766,0.13101105931692958,0.022891324798711157,0.08428987781866033,0.1948195921085763,0.30331374328698446,0.06637690749033638,0.025489620925698078,0.11617264281735197,0.1866462907536812,0.006661233753135915,0.04861176454126349,0.12357170756910077,0.4016724325491402,0.04243655172332067,0.026902285523871666,0.12054736358992836,0.22959666075023885,2.0,-4.0,-2.0,11.0,2.0,-2.0,-1.0,-6.0
DE LOS RIOS,PANGUIPULLI,LICEO PADRE SIGISFREDO,18M,1,18,23,59,13,13,0,2,17,2,4,15,5,46,48,17,9,2,146,75,-1,-1,2,17,25,52,11,3,14,22,19,28,0.008070317140413326,0.25168592862959105,0.26788037086552174,0.2893060122469133,0.05402208568892579,0.01365859108508769,0.07214332261799247,0.04323337172555459,0.008303771124866011,0.2423050916594878,0.19560605564806724,0.3717135815909014,0.026832013091725268,0.011672640448701633,0.08338635564661366,0.06018049078963667,0.006976310085084099,0.11967177268045898,0.12493224710221079,0.41593323210887206,0.1198670577796084,0.011700773161768359,0.06990754776506766,0.13101105931692958,0.022891324798711157,0.08428987781866033,0.1948195921085763,0.30331374328698446,0.06637690749033638,0.025489620925698078,0.11617264281735197,0.1866462907536812,0.006661233753135915,0.04861176454126349,0.12357170756910077,0.4016724325491402,0.04243655172332067,0.026902285523871666,0.12054736358992836,0.22959666075023885,-1.0,1.0,-2.0,7.0,2.0,-1.0,-1.0,-5.0
DE LOS RIOS,PANGUIPULLI,LICEO PADRE SIGISFREDO,18V,1,20,22,36,9,12,3,2,21,5,3,13,8,32,38,19,12,1,126,75,-1,-1,1,15,21,45,9,3,12,20,16,32,0.008070317140413326,0.25168592862959105,0.26788037086552174,0.2893060122469133,0.05402208568892579,0.01365859108508769,0.07214332261799247,0.04323337172555459,0.008303771124866011,0.2423050916594878,0.19560605564806724,0.3717135815909014,0.026832013091725268,0.011672640448701633,0.08338635564661366,0.06018049078963667,0.006976310085084099,0.11967177268045898,0.12493224710221079,0.41593323210887206,0.1198670577796084,0.011700773161768359,0.06990754776506766,0.13101105931692958,0.022891324798711157,0.08428987781866033,0.1948195921085763,0.30331374328698446,0.06637690749033638,0.025489620925698078,0.11617264281735197,0.1866462907536812,0.006661233753135915,0.04861176454126349,0.12357170756910077,0.4016724325491402,0.04243655172332067,0.026902285523871666,0.12054736358992836,0.22959666075023885,0.0,5.0,1.0,-9.0,0.0,2.0,0.0,1.0
DE LOS RIOS,PANGUIPULLI,LICEO PADRE SIGISFREDO,19M,5,24,19,58,17,18,0,1,25,1,3,13,4,61,48,27,11,0,167,75,-1,-1,2,18,27,61,13,3,16,27,16,38,0.008070317140413326,0.25168592862959105,0.26788037086552174,0.2893060122469133,0.05402208568892579,0.01365859108508769,0.07214332261799247,0.04323337172555459,0.008303771124866011,0.2423050916594878,0.19560605564806724,0.3717135815909014,0.026832013091725268,0.011672640448701633,0.08338635564661366,0.06018049078963667,0.006976310085084099,0.11967177268045898,0.12493224710221079,0.41593323210887206,0.1198670577796084,0.011700773161768359,0.06990754776506766,0.13101105931692958,0.022891324798711157,0.08428987781866033,0.1948195921085763,0.30331374328698446,0.06637690749033638,0.025489620925698078,0.11617264281735197,0.1866462907536812,0.006661233753135915,0.04861176454126349,0.12357170756910077,0.4016724325491402,0.04243655172332067,0.026902285523871666,0.12054736358992836,0.22959666075023885,3.0,6.0,-8.0,-3.0,4.0,-2.0,2.0,-2.0
DE LOS RIOS,PANGUIPULLI,LICEO PADRE SIGISFREDO,19V,2,9,22,38,4,9,0,3,16,3,2,9,3,19,48,17,3,2,103,75,-1,-1,1,11,18,36,7,2,11,17,11,22,0.008070317140413326,0.25168592862959105,0.26788037086552174,0.2893060122469133,0.05402208568892579,0.01365859108508769,0.07214332261799247,0.04323337172555459,0.008303771124866011,0.2423050916594878,0.19560605564806724,0.3717135815909014,0.026832013091725268,0.011672640448701633,0.08338635564661366,0.06018049078963667,0.006976310085084099,0.11967177268045898,0.12493224710221079,0.41593323210887206,0.1198670577796084,0.011700773161768359,0.06990754776506766,0.13101105931692958,0.022891324798711157,0.08428987781866033,0.1948195921085763,0.30331374328698446,0.06637690749033638,0.025489620925698078,0.11617264281735197,0.1866462907536812,0.006661233753135915,0.04861176454126349,0.12357170756910077,0.4016724325491402,0.04243655172332067,0.026902285523871666,0.12054736358992836,0.22959666075023885,1.0,-2.0,4.0,2.0,-3.0,1.0,-2.0,-1.0
DE LOS RIOS,PANGUIPULLI,LICEO PADRE SIGISFREDO,20M,2,19,23,52,15,16,1,3,25,4,1,9,6,66,52,15,7,0,156,75,-1,-1,2,17,25,57,13,3,15,24,10,22,0.008070317140413326,0.25168592862959105,0.26788037086552174,0.2893060122469133,0.05402208568892579,0.01365859108508769,0.07214332261799247,0.04323337172555459,0.008303771124866011,0.2423050916594878,0.19560605564806724,0.3717135815909014,0.026832013091725268,0.011672640448701633,0.08338635564661366,0.06018049078963667,0.006976310085084099,0.11967177268045898,0.12493224710221079,0.41593323210887206,0.1198670577796084,0.011700773161768359,0.06990754776506766,0.13101105931692958,0.022891324798711157,0.08428987781866033,0.1948195921085763,0.30331374328698446,0.06637690749033638,0.025489620925698078,0.11617264281735197,0.1866462907536812,0.006661233753135915,0.04861176454126349,0.12357170756910077,0.4016724325491402,0.04243655172332067,0.026902285523871666,0.12054736358992836,0.22959666075023885,0.0,2.0,-2.0,-5.0,2.0,1.0,1.0,1.0
DE LOS RIOS,PANGUIPULLI,LICEO PADRE SIGISFREDO,21M,1,25,27,62,10,13,1,3,24,4,2,13,4,81,37,18,7,4,166,75,-1,-1,2,19,26,62,14,3,15,25,15,29,0.008070317140413326,0.25168592862959105,0.26788037086552174,0.2893060122469133,0.05402208568892579,0.01365859108508769,0.07214332261799247,0.04323337172555459,0.008303771124866011,0.2423050916594878,0.19560605564806724,0.3717135815909014,0.026832013091725268,0.011672640448701633,0.08338635564661366,0.06018049078963667,0.006976310085084099,0.11967177268045898,0.12493224710221079,0.41593323210887206,0.1198670577796084,0.011700773161768359,0.06990754776506766,0.13101105931692958,0.022891324798711157,0.08428987781866033,0.1948195921085763,0.30331374328698446,0.06637690749033638,0.025489620925698078,0.11617264281735197,0.1866462907536812,0.006661233753135915,0.04861176454126349,0.12357170756910077,0.4016724325491402,0.04243655172332067,0.026902285523871666,0.12054736358992836,0.22959666075023885,-1.0,6.0,1.0,0.0,-4.0,1.0,-2.0,-1.0
DE LOS RIOS,PANGUIPULLI,LICEO PADRE SIGISFREDO,22M,0,22,38,55,16,13,2,1,21,3,2,13,11,58,49,23,10,2,168,75,-1,-1,2,19,27,62,13,3,16,26,15,35,0.008070317140413326,0.25168592862959105,0.26788037086552174,0.2893060122469133,0.05402208568892579,0.01365859108508769,0.07214332261799247,0.04323337172555459,0.008303771124866011,0.2423050916594878,0.19560605564806724,0.3717135815909014,0.026832013091725268,0.011672640448701633,0.08338635564661366,0.06018049078963667,0.006976310085084099,0.11967177268045898,0.12493224710221079,0.41593323210887206,0.1198670577796084,0.011700773161768359,0.06990754776506766,0.13101105931692958,0.022891324798711157,0.08428987781866033,0.1948195921085763,0.30331374328698446,0.06637690749033638,0.025489620925698078,0.11617264281735197,0.1866462907536812,0.006661233753135915,0.04861176454126349,0.12357170756910077,0.4016724325491402,0.04243655172332067,0.026902285523871666,0.12054736358992836,0.22959666075023885,-2.0,3.0,11.0,-7.0,3.0,0.0,-3.0,-5.0
DE LOS RIOS,PANGUIPULLI,LICEO PADRE SIGISFREDO,23M,3,18,32,63,12,19,0,2,26,2,4,15,25,43,42,29,9,8,175,75,-1,-1,2,22,29,64,12,3,17,26,19,46,0.008070317140413326,0.25168592862959105,0.26788037086552174,0.2893060122469133,0.05402208568892579,0.01365859108508769,0.07214332261799247,0.04323337172555459,0.008303771124866011,0.2423050916594878,0.19560605564806724,0.3717135815909014,0.026832013091725268,0.011672640448701633,0.08338635564661366,0.06018049078963667,0.006976310085084099,0.11967177268045898,0.12493224710221079,0.41593323210887206,0.1198670577796084,0.011700773161768359,0.06990754776506766,0.13101105931692958,0.022891324798711157,0.08428987781866033,0.1948195921085763,0.30331374328698446,0.06637690749033638,0.025489620925698078,0.11617264281735197,0.1866462907536812,0.006661233753135915,0.04861176454126349,0.12357170756910077,0.4016724325491402,0.04243655172332067,0.026902285523871666,0.12054736358992836,0.22959666075023885,1.0,-4.0,3.0,-1.0,0.0,-1.0,2.0,0.0
DE LOS RIOS,PANGUIPULLI,LICEO PADRE SIGISFREDO,24M,3,28,40,58,7,24,1,1,23,2,2,14,53,50,42,18,4,3,185,75,-1,-1,2,27,32,68,12,3,17,24,16,25,0.008070317140413326,0.25168592862959105,0.26788037086552174,0.2893060122469133,0.05402208568892579,0.01365859108508769,0.07214332261799247,0.04323337172555459,0.008303771124866011,0.2423050916594878,0.19560605564806724,0.3717135815909014,0.026832013091725268,0.011672640448701633,0.08338635564661366,0.06018049078963667,0.006976310085084099,0.11967177268045898,0.12493224710221079,0.41593323210887206,0.1198670577796084,0.011700773161768359,0.06990754776506766,0.13101105931692958,0.022891324798711157,0.08428987781866033,0.1948195921085763,0.30331374328698446,0.06637690749033638,0.025489620925698078,0.11617264281735197,0.1866462907536812,0.006661233753135915,0.04861176454126349,0.12357170756910077,0.4016724325491402,0.04243655172332067,0.026902285523871666,0.12054736358992836,0.22959666075023885,1.0,1.0,8.0,-10.0,-5.0,-1.0,7.0,-1.0
DE LOS RIOS,PANGUIPULLI,LICEO PADRE SIGISFREDO,25M,3,17,31,67,14,23,0,1,26,1,1,11,50,48,33,20,15,5,182,75,-1,-1,2,25,30,68,12,3,17,25,12,40,0.008070317140413326,0.25168592862959105,0.26788037086552174,0.2893060122469133,0.05402208568892579,0.01365859108508769,0.07214332261799247,0.04323337172555459,0.008303771124866011,0.2423050916594878,0.19560605564806724,0.3717135815909014,0.026832013091725268,0.011672640448701633,0.08338635564661366,0.06018049078963667,0.006976310085084099,0.11967177268045898,0.12493224710221079,0.41593323210887206,0.1198670577796084,0.011700773161768359,0.06990754776506766,0.13101105931692958,0.022891324798711157,0.08428987781866033,0.1948195921085763,0.30331374328698446,0.06637690749033638,0.025489620925698078,0.11617264281735197,0.1866462907536812,0.006661233753135915,0.04861176454126349,0.12357170756910077,0.4016724325491402,0.04243655172332067,0.026902285523871666,0.12054736358992836,0.22959666075023885,1.0,-8.0,1.0,-1.0,2.0,-2.0,6.0,1.0
DE LOS RIOS,PANGUIPULLI,LICEO PADRE SIGISFREDO,26M,0,19,27,82,15,17,0,1,28,1,3,17,63,49,23,22,11,1,189,75,-1,-1,2,30,32,70,12,3,17,23,20,34,0.008070317140413326,0.25168592862959105,0.26788037086552174,0.2893060122469133,0.05402208568892579,0.01365859108508769,0.07214332261799247,0.04323337172555459,0.008303771124866011,0.2423050916594878,0.19560605564806724,0.3717135815909014,0.026832013091725268,0.011672640448701633,0.08338635564661366,0.06018049078963667,0.006976310085084099,0.11967177268045898,0.12493224710221079,0.41593323210887206,0.1198670577796084,0.011700773161768359,0.06990754776506766,0.13101105931692958,0.022891324798711157,0.08428987781866033,0.1948195921085763,0.30331374328698446,0.06637690749033638,0.025489620925698078,0.11617264281735197,0.1866462907536812,0.006661233753135915,0.04861176454126349,0.12357170756910077,0.4016724325491402,0.04243655172332067,0.026902285523871666,0.12054736358992836,0.22959666075023885,-2.0,-11.0,-5.0,12.0,3.0,-2.0,0.0,5.0
